Date,Actual,Forecasted
2015-01-05 00:00:00,26.5625,27.612087335025425
2015-01-06 00:00:00,26.565000534057617,27.705626640647214
2015-01-07 00:00:00,26.9375,27.809529299425602
2015-01-08 00:00:00,27.97249984741211,27.837631645670633
2015-01-09 00:00:00,28.002500534057617,27.859382327754496
2015-01-12 00:00:00,27.3125,28.10406140074359
2015-01-13 00:00:00,27.55500030517578,28.20573477550174
2015-01-14 00:00:00,27.450000762939453,28.317735018152288
2015-01-15 00:00:00,26.704999923706055,28.352064514399864
2015-01-16 00:00:00,26.497499465942383,28.37920612965703
2015-01-20 00:00:00,27.18000030517578,28.741919853028893
2015-01-21 00:00:00,27.387500762939453,28.85561277519804
2015-01-22 00:00:00,28.100000381469727,28.889018822059057
2015-01-23 00:00:00,28.2450008392334,28.91405174970937
2015-01-26 00:00:00,28.274999618530273,29.164505185260545
2015-01-27 00:00:00,27.28499984741211,29.26551817597103
2015-01-28 00:00:00,28.827499389648438,29.37586558290576
2015-01-29 00:00:00,29.725000381469727,29.40453305802685
2015-01-30 00:00:00,29.290000915527344,29.424958574118783
2015-02-02 00:00:00,29.657499313354492,29.668075604658682
2015-02-03 00:00:00,29.662500381469727,29.76850015843077
2015-02-04 00:00:00,29.889999389648438,29.879307919307248
2015-02-05 00:00:00,29.985000610351562,29.90791992553221
2015-02-06 00:00:00,29.732500076293945,29.928969335444812
2015-02-09 00:00:00,29.93000030517578,30.180519204222087
2015-02-10 00:00:00,30.5049991607666,30.284488451257594
2015-02-11 00:00:00,31.219999313354492,30.3987302869277
2015-02-12 00:00:00,31.614999771118164,30.428703294535943
2015-02-13 00:00:00,31.770000457763672,30.449964264617662
2015-02-17 00:00:00,31.957500457763672,30.793265571793935
2015-02-18 00:00:00,32.18000030517578,30.898645399317882
2015-02-19 00:00:00,32.11249923706055,30.91531299871369
2015-02-20 00:00:00,32.375,30.919932778397506
2015-02-23 00:00:00,33.25,31.09826003621899
2015-02-24 00:00:00,33.04249954223633,31.167295594634073
2015-02-25 00:00:00,32.1974983215332,31.24108450741933
2015-02-26 00:00:00,32.60499954223633,31.222667152520287
2015-02-27 00:00:00,32.1150016784668,31.190144796309358
2015-03-02 00:00:00,32.272499084472656,31.252201039820743
2015-03-03 00:00:00,32.34000015258789,31.28264532580717
2015-03-04 00:00:00,32.1349983215332,31.319173533304777
2015-03-05 00:00:00,31.602500915527344,31.265492431524034
2015-03-06 00:00:00,31.649999618530273,31.20084076471337
2015-03-09 00:00:00,31.78499984741211,31.19281526221156
2015-03-10 00:00:00,31.127500534057617,31.210946301280043
2015-03-11 00:00:00,30.559999465942383,31.241695659286037
2015-03-12 00:00:00,31.112499237060547,31.189489622228166
2015-03-13 00:00:00,30.897499084472656,31.13370352404022
2015-03-16 00:00:00,31.237499237060547,31.19776168005182
2015-03-17 00:00:00,31.760000228881836,31.255189359945206
2015-03-18 00:00:00,32.11750030517578,31.332581214226302
2015-03-19 00:00:00,31.875,31.333576109425668
2015-03-20 00:00:00,31.475000381469727,31.213427703377114
2015-03-23 00:00:00,31.802499771118164,31.11500559086343
2015-03-24 00:00:00,31.672500610351562,31.12493817138478
2015-03-25 00:00:00,30.844999313354492,31.15634408725767
2015-03-26 00:00:00,31.059999465942383,31.11238985947907
2015-03-27 00:00:00,30.8125,31.07053675808707
2015-03-30 00:00:00,31.592500686645508,31.19211902915185
2015-03-31 00:00:00,31.107500076293945,31.2678818790804
2015-04-01 00:00:00,31.0625,31.360067175485426
2015-04-02 00:00:00,31.329999923706055,31.370365655683308
2015-04-06 00:00:00,31.837499618530273,31.597935461486514
2015-04-07 00:00:00,31.502500534057617,31.692051217345966
2015-04-08 00:00:00,31.399999618530273,31.794967847498544
2015-04-09 00:00:00,31.639999389648438,31.807164023577272
2015-04-10 00:00:00,31.774999618530273,31.807223221347094
2015-04-13 00:00:00,31.712499618530273,31.97616673988957
2015-04-14 00:00:00,31.575000762939453,32.04195535552642
2015-04-15 00:00:00,31.69499969482422,32.1124763197015
2015-04-16 00:00:00,31.542499542236328,32.08817771098451
2015-04-17 00:00:00,31.1875,32.04948463365837
2015-04-20 00:00:00,31.899999618530273,32.09927355735447
2015-04-21 00:00:00,31.727500915527344,32.12684208677678
2015-04-22 00:00:00,32.154998779296875,32.161204553646144
2015-04-23 00:00:00,32.41749954223633,32.10344357351949
2015-04-24 00:00:00,32.56999969482422,32.034821339142084
2015-04-27 00:00:00,33.162498474121094,32.01987608906123
2015-04-28 00:00:00,32.63999938964844,32.03505245269718
2015-04-29 00:00:00,32.15999984741211,32.06177170999585
2015-04-30 00:00:00,31.287500381469727,32.00137086945647
2015-05-01 00:00:00,32.23749923706055,31.934686337836695
2015-05-04 00:00:00,32.17499923706055,31.94908853138756
2015-05-05 00:00:00,31.450000762939453,31.980677554074706
2015-05-06 00:00:00,31.252500534057617,32.02632331328726
2015-05-07 00:00:00,31.315000534057617,31.986881965814835
2015-05-08 00:00:00,31.905000686645508,31.94246332397319
2015-05-11 00:00:00,31.579999923706055,32.026310908353594
2015-05-12 00:00:00,31.467500686645508,32.08028091425215
2015-05-13 00:00:00,31.502500534057617,32.14718114238519
2015-05-14 00:00:00,32.23749923706055,32.12705815646931
2015-05-15 00:00:00,32.192501068115234,32.09993455885488
2015-05-18 00:00:00,32.54750061035156,32.22275574225333
2015-05-19 00:00:00,32.51750183105469,32.28482702054677
2015-05-20 00:00:00,32.51499938964844,32.3573511520519
2015-05-21 00:00:00,32.84749984741211,32.33978347599489
2015-05-22 00:00:00,33.1349983215332,32.312798375674
2015-05-26 00:00:00,32.404998779296875,32.480808404106774
2015-05-27 00:00:00,33.0099983215332,32.545766533732845
2015-05-28 00:00:00,32.94499969482422,32.51932392187268
2015-05-29 00:00:00,32.56999969482422,32.482965887074364
2015-06-01 00:00:00,32.6349983215332,32.56841167779145
2015-06-02 00:00:00,32.4900016784668,32.522428411868546
2015-06-03 00:00:00,32.529998779296875,32.48660293678141
2015-06-04 00:00:00,32.34000015258789,32.3606941164929
2015-06-05 00:00:00,32.162498474121094,32.22648884636441
2015-06-08 00:00:00,31.950000762939453,32.025223881094995
2015-06-09 00:00:00,31.854999542236328,31.979386953190335
2015-06-10 00:00:00,32.220001220703125,31.94466662912773
2015-06-11 00:00:00,32.147499084472656,31.822413614307408
2015-06-12 00:00:00,31.792499542236328,31.692946115180707
2015-06-15 00:00:00,31.729999542236328,31.507136994015358
2015-06-16 00:00:00,31.899999618530273,31.467260071264434
2015-06-17 00:00:00,31.825000762939453,31.43872456763566
2015-06-18 00:00:00,31.969999313354492,31.324338392677696
2015-06-19 00:00:00,31.649999618530273,31.203048650693162
2015-06-22 00:00:00,31.90250015258789,31.03939829755132
2015-06-23 00:00:00,31.75749969482422,31.006763180313424
2015-06-24 00:00:00,32.02750015258789,30.98540577119689
2015-06-25 00:00:00,31.875,30.879546727694528
2015-06-26 00:00:00,31.6875,30.767010552442777
2015-06-29 00:00:00,31.13249969482422,30.628231838097616
2015-06-30 00:00:00,31.357500076293945,30.604281758651396
2015-07-01 00:00:00,31.649999618530273,30.591913957306637
2015-07-02 00:00:00,31.610000610351562,30.496597791956564
2015-07-06 00:00:00,31.5,30.2906723092289
2015-07-07 00:00:00,31.422500610351562,30.279030092224403
2015-07-08 00:00:00,30.642499923706055,30.27938483661619
2015-07-09 00:00:00,30.017499923706055,30.198094078059118
2015-07-10 00:00:00,30.81999969482422,30.111107669131613
2015-07-13 00:00:00,31.415000915527344,30.049459602521758
2015-07-14 00:00:00,31.40250015258789,30.052084452497787
2015-07-15 00:00:00,31.704999923706055,30.066528118062894
2015-07-16 00:00:00,32.127498626708984,29.999659850864404
2015-07-17 00:00:00,32.404998779296875,29.926735526535335
2015-07-20 00:00:00,33.01750183105469,29.902829252073236
2015-07-21 00:00:00,32.6875,29.916565058419792
2015-07-22 00:00:00,31.30500030517578,29.941273652989587
2015-07-23 00:00:00,31.290000915527344,29.884134862895813
2015-07-24 00:00:00,31.125,29.820021002018194
2015-07-27 00:00:00,30.6924991607666,29.816152494892574
2015-07-28 00:00:00,30.844999313354492,29.83461527222526
2015-07-29 00:00:00,30.747499465942383,29.86310041853067
2015-07-30 00:00:00,30.592500686645508,29.80904363911092
2015-07-31 00:00:00,30.325000762939453,29.747138610114078
2015-08-03 00:00:00,29.610000610351562,29.744360731382045
2015-08-04 00:00:00,28.65999984741211,29.761493995420732
2015-08-05 00:00:00,28.850000381469727,29.787797497056026
2015-08-06 00:00:00,28.782499313354492,29.730925483837755
2015-08-07 00:00:00,28.8799991607666,29.66536183167285
2015-08-10 00:00:00,29.93000030517578,29.64532034113635
2015-08-11 00:00:00,28.372499465942383,29.65444274569368
2015-08-12 00:00:00,28.809999465942383,29.67143568686236
2015-08-13 00:00:00,28.787500381469727,29.679935151040155
2015-08-14 00:00:00,28.989999771118164,29.678154882954757
2015-08-17 00:00:00,29.290000915527344,29.839796339418037
2015-08-18 00:00:00,29.125,29.906138068813593
2015-08-19 00:00:00,28.752500534057617,29.97861259508006
2015-08-20 00:00:00,28.162500381469727,29.964017747134193
2015-08-21 00:00:00,26.440000534057617,29.93703962910868
2015-08-24 00:00:00,25.780000686645508,30.01248358253089
2015-08-25 00:00:00,25.934999465942383,30.046372598195624
2015-08-26 00:00:00,27.422500610351562,30.08474241574099
2015-08-27 00:00:00,28.229999542236328,30.0343557011357
2015-08-28 00:00:00,28.322500228881836,29.97054722977682
2015-08-31 00:00:00,28.190000534057617,29.932148789829697
2015-09-01 00:00:00,26.93000030517578,29.927953528218815
2015-09-02 00:00:00,28.084999084472656,29.928761679123433
2015-09-03 00:00:00,27.592500686645508,29.84230471852858
2015-09-04 00:00:00,27.3174991607666,29.744049005783417
2015-09-08 00:00:00,28.077499389648438,29.58380094666769
2015-09-09 00:00:00,27.537500381469727,29.562033250857507
2015-09-10 00:00:00,28.142499923706055,29.457425018593522
2015-09-11 00:00:00,28.552499771118164,29.34475766440706
2015-09-14 00:00:00,28.827499389648438,29.191056432330452
2015-09-15 00:00:00,29.06999969482422,29.160762030383896
2015-09-16 00:00:00,29.102500915527344,29.14197445136114
2015-09-17 00:00:00,28.479999542236328,29.044976992262328
2015-09-18 00:00:00,28.362499237060547,28.943261875283085
2015-09-21 00:00:00,28.802499771118164,28.836750436135688
2015-09-22 00:00:00,28.350000381469727,28.826541276312472
2015-09-23 00:00:00,28.579999923706055,28.829457503723503
2015-09-24 00:00:00,28.75,28.756327910450906
2015-09-25 00:00:00,28.677499771118164,28.67940303086706
2015-09-28 00:00:00,28.110000610351562,28.647406173539004
2015-09-29 00:00:00,27.264999389648438,28.661418108075974
2015-09-30 00:00:00,27.575000762939453,28.687762799678886
2015-10-01 00:00:00,27.395000457763672,28.637390861716007
2015-10-02 00:00:00,27.594999313354492,28.58189479106474
2015-10-05 00:00:00,27.69499969482422,28.60405516022578
2015-10-06 00:00:00,27.827499389648438,28.632578384928333
2015-10-07 00:00:00,27.69499969482422,28.671582772068156
2015-10-08 00:00:00,27.375,28.632035171693868
2015-10-09 00:00:00,28.030000686645508,28.585481170332137
2015-10-12 00:00:00,27.899999618530273,28.624003684501798
2015-10-13 00:00:00,27.947500228881836,28.654819936514794
2015-10-14 00:00:00,27.552499771118164,28.69471911590957
2015-10-15 00:00:00,27.96500015258789,28.654710290031367
2015-10-16 00:00:00,27.760000228881836,28.606515132526862
2015-10-19 00:00:00,27.9325008392334,28.63421054274262
2015-10-20 00:00:00,28.4424991607666,28.65967948661705
2015-10-21 00:00:00,28.440000534057617,28.69344949454949
2015-10-22 00:00:00,28.875,28.646578823059023
2015-10-23 00:00:00,29.770000457763672,28.59082574618962
2015-10-26 00:00:00,28.81999969482422,28.591378006665444
2015-10-27 00:00:00,28.637500762939453,28.606214166848073
2015-10-28 00:00:00,29.8174991607666,28.628486484533855
2015-10-29 00:00:00,30.13249969482422,28.569446972184277
2015-10-30 00:00:00,29.875,28.500709399097655
2015-11-02 00:00:00,30.295000076293945,28.45648415388294
2015-11-03 00:00:00,30.642499923706055,28.454596463189155
2015-11-04 00:00:00,30.5,28.459317210266274
2015-11-05 00:00:00,30.229999542236328,28.382561110207988
2015-11-06 00:00:00,30.264999389648438,28.29571086978564
2015-11-09 00:00:00,30.142499923706055,28.194650890194175
2015-11-10 00:00:00,29.1924991607666,28.173905089289605
2015-11-11 00:00:00,29.02750015258789,28.160187826820323
2015-11-12 00:00:00,28.93000030517578,28.06664517003555
2015-11-13 00:00:00,28.084999084472656,27.964238102444703
2015-11-16 00:00:00,28.545000076293945,27.823714085416615
2015-11-17 00:00:00,28.422500610351562,27.793451965080088
2015-11-18 00:00:00,29.322500228881836,27.772377395882394
2015-11-19 00:00:00,29.69499969482422,27.67501587961373
2015-11-20 00:00:00,29.825000762939453,27.57148845740412
2015-11-23 00:00:00,29.4375,27.441191982340904
2015-11-24 00:00:00,29.719999313354492,27.41936515183075
2015-11-25 00:00:00,29.50749969482422,27.409085197289606
2015-11-27 00:00:00,29.452499389648438,27.23844553935166
2015-11-30 00:00:00,29.575000762939453,27.163943222241155
2015-12-01 00:00:00,29.334999084472656,27.16255579365093
2015-12-02 00:00:00,29.06999969482422,27.173032291047413
2015-12-03 00:00:00,28.799999237060547,27.11110504718827
2015-12-04 00:00:00,29.75749969482422,27.044643466612747
2015-12-07 00:00:00,29.56999969482422,27.024948059477644
2015-12-08 00:00:00,29.5575008392334,27.038371413202846
2015-12-09 00:00:00,28.905000686645508,27.06143115582103
2015-12-10 00:00:00,29.042499542236328,27.009932690230574
2015-12-11 00:00:00,28.295000076293945,26.951245115016352
2015-12-14 00:00:00,28.1200008392334,26.93731640158484
2015-12-15 00:00:00,27.622499465942383,26.946906131176856
2015-12-16 00:00:00,27.834999084472656,26.96337012397946
2015-12-17 00:00:00,27.2450008392334,26.902997490590643
2015-12-18 00:00:00,26.50749969482422,26.83316897778615
2015-12-21 00:00:00,26.832500457763672,26.77407009524607
2015-12-22 00:00:00,26.8075008392334,26.765933676095162
2015-12-23 00:00:00,27.15250015258789,26.763933104309764
2015-12-24 00:00:00,27.00749969482422,26.685403945754434
2015-12-28 00:00:00,26.704999923706055,26.487853019083616
2015-12-29 00:00:00,27.184999465942383,26.465097294866663
2015-12-30 00:00:00,26.829999923706055,26.450012791896505
2015-12-31 00:00:00,26.315000534057617,26.361109100593488
2016-01-04 00:00:00,26.337499618530273,26.140417260737035
2016-01-05 00:00:00,25.677499771118164,26.11636958837789
2016-01-06 00:00:00,25.174999237060547,26.101621385243103
2016-01-07 00:00:00,24.112499237060547,26.059289687372036
2016-01-08 00:00:00,24.239999771118164,26.011019902054556
2016-01-11 00:00:00,24.63249969482422,26.033039885381516
2016-01-12 00:00:00,24.989999771118164,26.058730353818753
2016-01-13 00:00:00,24.34749984741211,26.09378277771612
2016-01-14 00:00:00,24.8799991607666,26.05727359657267
2016-01-15 00:00:00,24.282499313354492,26.014387985197647
2016-01-19 00:00:00,24.165000915527344,26.075907673520348
2016-01-20 00:00:00,24.197500228881836,26.11193420384375
2016-01-21 00:00:00,24.075000762939453,26.07527090884739
2016-01-22 00:00:00,25.354999542236328,26.031186047898792
2016-01-25 00:00:00,24.860000610351562,26.05615979356087
2016-01-26 00:00:00,24.997499465942383,26.079634710525685
2016-01-27 00:00:00,23.354999542236328,26.111035479236698
2016-01-28 00:00:00,23.522499084472656,26.069578623262974
2016-01-29 00:00:00,24.334999084472656,26.020741353267685
2016-02-01 00:00:00,24.107500076293945,26.03335219291975
2016-02-02 00:00:00,23.6200008392334,26.053829346903758
2016-02-03 00:00:00,24.087499618530273,26.08296109236767
2016-02-04 00:00:00,24.149999618530273,26.04009938222959
2016-02-05 00:00:00,23.5049991607666,25.990652477612976
2016-02-08 00:00:00,23.752500534057617,26.00521877242749
2016-02-09 00:00:00,23.747499465942383,26.027176038666745
2016-02-10 00:00:00,23.5674991607666,26.057856839743632
2016-02-11 00:00:00,23.424999237060547,26.016423548362674
2016-02-12 00:00:00,23.497499465942383,25.967926437830553
2016-02-16 00:00:00,24.15999984741211,25.996947140678774
2016-02-17 00:00:00,24.530000686645508,26.021397535763693
2016-02-18 00:00:00,24.065000534057617,25.971563693672444
2016-02-19 00:00:00,24.010000228881836,25.91223146226452
2016-02-22 00:00:00,24.219999313354492,25.87461508813714
2016-02-23 00:00:00,23.672500610351562,25.870597861127298
2016-02-24 00:00:00,24.024999618530273,25.870633820296412
2016-02-25 00:00:00,24.190000534057617,25.79449859760165
2016-02-26 00:00:00,24.227500915527344,25.706996859570783
2016-02-29 00:00:00,24.172500610351562,25.575843370040573
2016-03-01 00:00:00,25.13249969482422,25.539514850922714
2016-03-02 00:00:00,25.1875,25.50761186552283
2016-03-03 00:00:00,25.375,25.401748696852632
2016-03-04 00:00:00,25.752500534057617,25.286579106181346
2016-03-07 00:00:00,25.467500686645508,25.08754297235208
2016-03-08 00:00:00,25.25749969482422,25.036140800724894
2016-03-09 00:00:00,25.280000686645508,24.993805976414833
2016-03-10 00:00:00,25.292499542236328,24.88419211789024
2016-03-11 00:00:00,25.565000534057617,24.771009723168685
2016-03-14 00:00:00,25.6299991607666,24.610252704962118
2016-03-15 00:00:00,26.145000457763672,24.58332575659247
2016-03-16 00:00:00,26.49250030517578,24.57119081127016
2016-03-17 00:00:00,26.450000762939453,24.498485778416722
2016-03-18 00:00:00,26.479999542236328,24.427373985336637
2016-03-21 00:00:00,26.477500915527344,24.41682520344625
2016-03-22 00:00:00,26.68000030517578,24.400426523466145
2016-03-23 00:00:00,26.532499313354492,24.401052944498073
2016-03-24 00:00:00,26.417499542236328,24.343043876181714
2016-03-28 00:00:00,26.297500610351562,24.31735484031501
2016-03-29 00:00:00,26.920000076293945,24.356553042160975
2016-03-30 00:00:00,27.389999389648438,24.40949317096845
2016-03-31 00:00:00,27.247499465942383,24.3997426923915
2016-04-01 00:00:00,27.497499465942383,24.38747075047681
2016-04-04 00:00:00,27.780000686645508,24.516644618507296
2016-04-05 00:00:00,27.452499389648438,24.57737235626818
2016-04-06 00:00:00,27.739999771118164,24.645850764585546
2016-04-07 00:00:00,27.135000228881836,24.644882336869376
2016-04-08 00:00:00,27.165000915527344,24.63532132978043
2016-04-11 00:00:00,27.2549991607666,24.740938714071692
2016-04-12 00:00:00,27.610000610351562,24.784233174895974
2016-04-13 00:00:00,28.010000228881836,24.831343208475754
2016-04-14 00:00:00,28.024999618530273,24.805176785207376
2016-04-15 00:00:00,27.462499618530273,24.76782402695304
2016-04-18 00:00:00,26.8700008392334,24.782340826451183
2016-04-19 00:00:00,26.727500915527344,24.794767412798006
2016-04-20 00:00:00,26.782499313354492,24.811856566028126
2016-04-21 00:00:00,26.49250030517578,24.75726263481062
2016-04-22 00:00:00,26.420000076293945,24.69367658790634
2016-04-25 00:00:00,26.270000457763672,24.64609864485218
2016-04-26 00:00:00,26.087499618530273,24.644429728042443
2016-04-27 00:00:00,24.454999923706055,24.65101301749655
2016-04-28 00:00:00,23.707500457763672,24.590069649718725
2016-04-29 00:00:00,23.434999465942383,24.523859611322788
2016-05-02 00:00:00,23.40999984741211,24.487741713948587
2016-05-03 00:00:00,23.795000076293945,24.49572696623822
2016-05-04 00:00:00,23.547500610351562,24.514334338676182
2016-05-05 00:00:00,23.309999465942383,24.46778435175894
2016-05-06 00:00:00,23.18000030517578,24.41752175276287
2016-05-09 00:00:00,23.197500228881836,24.433620404107646
2016-05-10 00:00:00,23.354999542236328,24.459285881088448
2016-05-11 00:00:00,23.127500534057617,24.495080311546083
2016-05-12 00:00:00,22.584999084472656,24.4648995236949
2016-05-13 00:00:00,22.6299991607666,24.42978168940737
2016-05-16 00:00:00,23.469999313354492,24.481959106602268
2016-05-17 00:00:00,23.372499465942383,24.51604177065585
2016-05-18 00:00:00,23.639999389648438,24.55832544673193
2016-05-19 00:00:00,23.549999237060547,24.532494244398286
2016-05-20 00:00:00,23.80500030517578,24.499781561835583
2016-05-23 00:00:00,24.107500076293945,24.549235323973786
2016-05-24 00:00:00,24.475000381469727,24.57954121509367
2016-05-25 00:00:00,24.905000686645508,24.61694455739708
2016-05-26 00:00:00,25.102500915527344,24.58518706611751
2016-05-27 00:00:00,25.087499618530273,24.54590602171888
2016-05-31 00:00:00,24.96500015258789,24.597923770060586
2016-06-01 00:00:00,24.614999771118164,24.62895613724766
2016-06-02 00:00:00,24.43000030517578,24.59136957256623
2016-06-03 00:00:00,24.479999542236328,24.546975740826618
2016-06-06 00:00:00,24.657499313354492,24.565187670601315
2016-06-07 00:00:00,24.75749969482422,24.587092357808817
2016-06-08 00:00:00,24.735000610351562,24.61741032844041
2016-06-09 00:00:00,24.912500381469727,24.580019292674532
2016-06-10 00:00:00,24.707500457763672,24.536648817413553
2016-06-13 00:00:00,24.334999084472656,24.562105700273296
2016-06-14 00:00:00,24.364999771118164,24.587566318622322
2016-06-15 00:00:00,24.28499984741211,24.621874615220868
2016-06-16 00:00:00,24.387500762939453,24.588805119055305
2016-06-17 00:00:00,23.832500457763672,24.550010168433502
2016-06-20 00:00:00,23.774999618530273,24.59031804746928
2016-06-21 00:00:00,23.977500915527344,24.620983286087377
2016-06-22 00:00:00,23.887500762939453,24.660605829541815
2016-06-23 00:00:00,24.024999618530273,24.632834431484646
2016-06-24 00:00:00,23.350000381469727,24.599418549533542
2016-06-27 00:00:00,23.010000228881836,24.657151464599718
2016-06-28 00:00:00,23.397499084472656,24.69415832125968
2016-06-29 00:00:00,23.600000381469727,24.740483740030843
2016-06-30 00:00:00,23.899999618530273,24.719564655879044
2016-07-01 00:00:00,23.97249984741211,24.69337180047174
2016-07-05 00:00:00,23.747499465942383,24.82263392062314
2016-07-06 00:00:00,23.88249969482422,24.87897899240937
2016-07-07 00:00:00,23.985000610351562,24.8681748500647
2016-07-08 00:00:00,24.170000076293945,24.852468786651265
2016-07-11 00:00:00,24.2450008392334,24.969808050742465
2016-07-12 00:00:00,24.354999542236328,25.02839188782151
2016-07-13 00:00:00,24.217500686645508,25.097044425119673
2016-07-14 00:00:00,24.697500228881836,25.09793656481538
2016-07-15 00:00:00,24.69499969482422,25.093724451148425
2016-07-18 00:00:00,24.957500457763672,25.245426781768217
2016-07-19 00:00:00,24.967500686645508,25.314831128656866
2016-07-20 00:00:00,24.989999771118164,25.39387257324959
2016-07-21 00:00:00,24.857500076293945,25.40371523282818
2016-07-22 00:00:00,24.665000915527344,25.407673649966714
2016-07-25 00:00:00,24.334999084472656,25.581414300537727
2016-07-26 00:00:00,24.167499542236328,25.656855210054307
2016-07-27 00:00:00,25.737499237060547,25.741279456318455
2016-07-28 00:00:00,26.084999084472656,25.754770482196243
2016-07-29 00:00:00,26.052499771118164,25.76151174575783
2016-08-01 00:00:00,26.512500762939453,25.941362764441877
2016-08-02 00:00:00,26.1200008392334,26.017636232718765
2016-08-03 00:00:00,26.447500228881836,26.102300120237715
2016-08-04 00:00:00,26.467500686645508,26.114311065770284
2016-08-05 00:00:00,26.8700008392334,26.118741098844943
2016-08-08 00:00:00,27.092500686645508,26.28904370678965
2016-08-09 00:00:00,27.202499389648438,26.360540830745048
2016-08-10 00:00:00,27.0,26.439494856362195
2016-08-11 00:00:00,26.982500076293945,26.443736561991418
2016-08-12 00:00:00,27.045000076293945,26.439107039302673
2016-08-15 00:00:00,27.3700008392334,26.70382652025633
2016-08-16 00:00:00,27.344999313354492,26.804306028758464
2016-08-17 00:00:00,27.30500030517578,26.910869446165933
2016-08-18 00:00:00,27.270000457763672,26.93974462484866
2016-08-19 00:00:00,27.34000015258789,26.957807101924427
2016-08-22 00:00:00,27.127500534057617,27.15507805915729
2016-08-23 00:00:00,27.212499618530273,27.229481983755182
2016-08-24 00:00:00,27.00749969482422,27.30827245703569
2016-08-25 00:00:00,26.892499923706055,27.306649016515152
2016-08-26 00:00:00,26.735000610351562,27.29276735114775
2016-08-29 00:00:00,26.704999923706055,27.390076436168762
2016-08-30 00:00:00,26.5,27.43012124181049
2016-08-31 00:00:00,26.524999618530273,27.474534309923396
2016-09-01 00:00:00,26.6825008392334,27.438436253102452
2016-09-02 00:00:00,26.9325008392334,27.390884171949626
2016-09-06 00:00:00,26.924999237060547,27.409131591070828
2016-09-07 00:00:00,27.09000015258789,27.42908032937121
2016-09-08 00:00:00,26.3799991607666,27.371420178796082
2016-09-09 00:00:00,25.782499313354492,27.30539910428074
2016-09-12 00:00:00,26.360000610351562,27.274347806466462
2016-09-13 00:00:00,26.987499237060547,27.28224821914807
2016-09-14 00:00:00,27.9424991607666,27.300368442731866
2016-09-15 00:00:00,28.892499923706055,27.244640543378985
2016-09-16 00:00:00,28.729999542236328,27.18386066536847
2016-09-19 00:00:00,28.395000457763672,27.18560814877321
2016-09-20 00:00:00,28.392499923706055,27.2095364852297
2016-09-21 00:00:00,28.387500762939453,27.24577339149547
2016-09-22 00:00:00,28.655000686645508,27.210053426137172
2016-09-23 00:00:00,28.177499771118164,27.170623733936623
2016-09-26 00:00:00,28.219999313354492,27.24117818532654
2016-09-27 00:00:00,28.272499084472656,27.28860706005359
2016-09-28 00:00:00,28.487499237060547,27.348126032857937
2016-09-29 00:00:00,28.045000076293945,27.334811430638442
2016-09-30 00:00:00,28.262500762939453,27.31682907539308
2016-10-03 00:00:00,28.1299991607666,27.44529338945957
2016-10-04 00:00:00,28.25,27.50921298003188
2016-10-05 00:00:00,28.262500762939453,27.583656680192842
2016-10-06 00:00:00,28.47249984741211,27.58288283824581
2016-10-07 00:00:00,28.514999389648438,27.575584862299372
2016-10-10 00:00:00,29.012500762939453,27.727381897378805
2016-10-11 00:00:00,29.075000762939453,27.79602853469087
2016-10-12 00:00:00,29.334999084472656,27.87382006196534
2016-10-13 00:00:00,29.2450008392334,27.874210036200875
2016-10-14 00:00:00,29.407499313354492,27.866721092915828
2016-10-17 00:00:00,29.387500762939453,28.013124661252135
2016-10-18 00:00:00,29.36750030517578,28.078243925829533
2016-10-19 00:00:00,29.280000686645508,28.15175816703877
2016-10-20 00:00:00,29.264999389648438,28.146318580854146
2016-10-21 00:00:00,29.149999618530273,28.132195244222412
2016-10-24 00:00:00,29.412500381469727,28.25592290173937
2016-10-25 00:00:00,29.5625,28.323788905275187
2016-10-26 00:00:00,28.897499084472656,28.399353146350837
2016-10-27 00:00:00,28.6200008392334,28.39445680296285
2016-10-28 00:00:00,28.43000030517578,28.37994996074357
2016-10-31 00:00:00,28.385000228881836,28.49862601250525
2016-11-01 00:00:00,27.872499465942383,28.551431393578213
2016-11-02 00:00:00,27.897499084472656,28.61106452385288
2016-11-03 00:00:00,27.457500457763672,28.588806026019466
2016-11-04 00:00:00,27.209999084472656,28.556184055209343
2016-11-07 00:00:00,27.602500915527344,28.618460017913186
2016-11-08 00:00:00,27.764999389648438,28.652043727928813
2016-11-09 00:00:00,27.719999313354492,28.69258361266221
2016-11-10 00:00:00,26.947500228881836,28.651403888584056
2016-11-11 00:00:00,27.107500076293945,28.60056894150946
2016-11-14 00:00:00,26.427499771118164,28.615333997095334
2016-11-15 00:00:00,26.77750015258789,28.636250399045046
2016-11-16 00:00:00,27.497499465942383,28.666126278993794
2016-11-17 00:00:00,27.487499237060547,28.61661723212618
2016-11-18 00:00:00,27.514999389648438,28.559936989550316
2016-11-21 00:00:00,27.9325008392334,28.572939133557984
2016-11-22 00:00:00,27.950000762939453,28.598779690313314
2016-11-23 00:00:00,27.8075008392334,28.63631983724244
2016-11-25 00:00:00,27.947500228881836,28.55334039701129
2016-11-28 00:00:00,27.892499923706055,28.617298456753492
2016-11-29 00:00:00,27.864999771118164,28.663364010815652
2016-11-30 00:00:00,27.6299991607666,28.722188603240973
2016-12-01 00:00:00,27.372499465942383,28.70469348224884
2016-12-02 00:00:00,27.475000381469727,28.682547065046137
2016-12-05 00:00:00,27.27750015258789,28.809136373635532
2016-12-06 00:00:00,27.487499237060547,28.873780726515445
2016-12-07 00:00:00,27.75749969482422,28.949423433089294
2016-12-08 00:00:00,28.030000686645508,28.945912313518495
2016-12-09 00:00:00,28.487499237060547,28.935153271587552
2016-12-12 00:00:00,28.325000762939453,29.080422503717347
2016-12-13 00:00:00,28.797500610351562,29.145408463665884
2016-12-14 00:00:00,28.797500610351562,29.2184115980456
2016-12-15 00:00:00,28.954999923706055,29.208531415147327
2016-12-16 00:00:00,28.99250030517578,29.188518226339923
2016-12-19 00:00:00,29.15999984741211,29.292933624780954
2016-12-20 00:00:00,29.237499237060547,29.34054891937726
2016-12-21 00:00:00,29.264999389648438,29.394891425220496
2016-12-22 00:00:00,29.072500228881836,29.36496300603168
2016-12-23 00:00:00,29.1299991607666,29.324443688828328
2016-12-27 00:00:00,29.315000534057617,29.399057368581115
2016-12-28 00:00:00,29.190000534057617,29.436745794295966
2016-12-29 00:00:00,29.1825008392334,29.39174748318408
2016-12-30 00:00:00,28.954999923706055,29.33811264616236
2017-01-03 00:00:00,29.037500381469727,29.38186581744659
2017-01-04 00:00:00,29.0049991607666,29.417229426271888
2017-01-05 00:00:00,29.15250015258789,29.371946143374952
2017-01-06 00:00:00,29.477500915527344,29.319833438409816
2017-01-09 00:00:00,29.747499465942383,29.61863665703069
2017-01-10 00:00:00,29.77750015258789,29.739964701280236
2017-01-11 00:00:00,29.9375,29.87261515579209
2017-01-12 00:00:00,29.8125,29.923798248009167
2017-01-13 00:00:00,29.760000228881836,29.967869848558415
2017-01-17 00:00:00,30.0,30.4181999960719
2017-01-18 00:00:00,29.997499465942383,30.55655121350557
2017-01-19 00:00:00,29.94499969482422,30.610338214864903
2017-01-20 00:00:00,30.0,30.65558455972228
2017-01-23 00:00:00,30.020000457763672,30.97872746799461
2017-01-24 00:00:00,29.99250030517578,31.105315897255263
2017-01-25 00:00:00,30.469999313354492,31.24183296759235
2017-01-26 00:00:00,30.485000610351562,31.29136454562303
2017-01-27 00:00:00,30.487499237060547,31.331884233604654
2017-01-30 00:00:00,30.407499313354492,31.64551280923813
2017-01-31 00:00:00,30.337499618530273,31.770215462671775
2017-02-01 00:00:00,32.1875,31.90579203435247
2017-02-02 00:00:00,32.13249969482422,31.95340012451397
2017-02-03 00:00:00,32.27000045776367,31.992753220347332
2017-02-06 00:00:00,32.5724983215332,32.31248911949674
2017-02-07 00:00:00,32.88249969482422,32.441179910635285
2017-02-08 00:00:00,33.0099983215332,32.58143018889969
2017-02-09 00:00:00,33.10499954223633,32.63202966003744
2017-02-10 00:00:00,33.029998779296875,32.67405321583632
2017-02-13 00:00:00,33.3224983215332,33.00149862165557
2017-02-14 00:00:00,33.755001068115234,33.130335482797726
2017-02-15 00:00:00,33.877498626708984,33.268827904611335
2017-02-16 00:00:00,33.837501525878906,33.31324512858252
2017-02-17 00:00:00,33.93000030517578,33.34604374440395
2017-02-21 00:00:00,34.17499923706055,33.73728240982894
2017-02-22 00:00:00,34.27750015258789,33.850769853204184
2017-02-23 00:00:00,34.13249969482422,33.864983563649496
2017-02-24 00:00:00,34.165000915527344,33.86416226099148
2017-02-27 00:00:00,34.23249816894531,34.03408927885907
2017-02-28 00:00:00,34.247501373291016,34.10005674718115
2017-03-01 00:00:00,34.9474983215332,34.17147136181606
2017-03-02 00:00:00,34.7400016784668,34.14286401907215
2017-03-03 00:00:00,34.94499969482422,34.10027349894698
2017-03-06 00:00:00,34.834999084472656,34.16140760874655
2017-03-07 00:00:00,34.880001068115234,34.199119457244336
2017-03-08 00:00:00,34.75,34.247681598161016
2017-03-09 00:00:00,34.66999816894531,34.20220948158895
2017-03-10 00:00:00,34.78499984741211,34.149656637172725
2017-03-13 00:00:00,34.79999923706055,34.2276496191451
2017-03-14 00:00:00,34.747501373291016,34.28762739817552
2017-03-15 00:00:00,35.1150016784668,34.36705324962359
2017-03-16 00:00:00,35.17250061035156,34.360527303744675
2017-03-17 00:00:00,34.997501373291016,34.35492673737646
2017-03-20 00:00:00,35.3650016784668,34.61967439426217
2017-03-21 00:00:00,34.959999084472656,34.75511630325249
2017-03-22 00:00:00,35.35499954223633,34.91543709796012
2017-03-23 00:00:00,35.22999954223633,34.843197251499646
2017-03-24 00:00:00,35.15999984741211,34.774549782929725
2017-03-27 00:00:00,35.220001220703125,34.856031981865684
2017-03-28 00:00:00,35.95000076293945,34.927244257261016
2017-03-29 00:00:00,36.029998779296875,35.01957966055185
2017-03-30 00:00:00,35.98249816894531,35.02347940367121
2017-03-31 00:00:00,35.915000915527344,35.025306526476584
2017-04-03 00:00:00,35.92499923706055,35.279327081689765
2017-04-04 00:00:00,36.192501068115234,35.39289548320414
2017-04-05 00:00:00,36.005001068115234,35.51933617049575
2017-04-06 00:00:00,35.915000915527344,35.54725209220021
2017-04-07 00:00:00,35.834999084472656,35.56413313009518
2017-04-10 00:00:00,35.79249954223633,35.81582725535506
2017-04-11 00:00:00,35.407501220703125,35.91334345479471
2017-04-12 00:00:00,35.45000076293945,36.017061910150005
2017-04-13 00:00:00,35.26250076293945,36.01487727582762
2017-04-17 00:00:00,35.45750045776367,36.12442685513739
2017-04-18 00:00:00,35.29999923706055,36.17731674765208
2017-04-19 00:00:00,35.16999816894531,36.236391332083684
2017-04-20 00:00:00,35.61000061035156,36.18995433662958
2017-04-21 00:00:00,35.567501068115234,36.12935528583389
2017-04-24 00:00:00,35.90999984741211,36.150924471210814
2017-04-25 00:00:00,36.13249969482422,36.17691208506829
2017-04-26 00:00:00,35.91999816894531,36.21406824795607
2017-04-27 00:00:00,35.9474983215332,36.15106208172495
2017-04-28 00:00:00,35.912498474121094,36.079344991219564
2017-05-01 00:00:00,36.64500045776367,36.0988773061963
2017-05-02 00:00:00,36.877498626708984,36.133873293536006
2017-05-03 00:00:00,36.76499938964844,36.184254822212786
2017-05-04 00:00:00,36.63249969482422,36.13824798204595
2017-05-05 00:00:00,37.2400016784668,36.08660022111725
2017-05-08 00:00:00,38.252498626708984,36.17890661674041
2017-05-09 00:00:00,38.497501373291016,36.24033281872875
2017-05-10 00:00:00,38.314998626708984,36.317241323135846
2017-05-11 00:00:00,38.48749923706055,36.29681398542545
2017-05-12 00:00:00,39.025001525878906,36.26951780927914
2017-05-15 00:00:00,38.92499923706055,36.42492211412085
2017-05-16 00:00:00,38.86750030517578,36.50277419554147
2017-05-17 00:00:00,37.5625,36.593454286066915
2017-05-18 00:00:00,38.1349983215332,36.58315280348153
2017-05-19 00:00:00,38.26499938964844,36.56297054417127
2017-05-22 00:00:00,38.497501373291016,36.724868474766794
2017-05-23 00:00:00,38.45000076293945,36.80010187463296
2017-05-24 00:00:00,38.334999084472656,36.88618139818133
2017-05-25 00:00:00,38.467498779296875,36.86870930646078
2017-05-26 00:00:00,38.40250015258789,36.83987857909665
2017-05-30 00:00:00,38.41749954223633,37.037579261703584
2017-05-31 00:00:00,38.189998626708984,37.113818384727985
2017-06-01 00:00:00,38.29499816894531,37.08642090971701
2017-06-02 00:00:00,38.86249923706055,37.04842416721626
2017-06-05 00:00:00,38.48249816894531,37.05740679825469
2017-06-06 00:00:00,38.61249923706055,37.08379419294251
2017-06-07 00:00:00,38.842498779296875,37.122644463374215
2017-06-08 00:00:00,38.747501373291016,37.05920348430917
2017-06-09 00:00:00,37.244998931884766,36.98660649904856
2017-06-12 00:00:00,36.35499954223633,37.0026039160125
2017-06-13 00:00:00,36.647499084472656,37.033328531686664
2017-06-14 00:00:00,36.290000915527344,37.07731176976877
2017-06-15 00:00:00,36.0724983215332,37.01979867370102
2017-06-16 00:00:00,35.567501068115234,36.9536654827318
2017-06-19 00:00:00,36.584999084472656,36.99103687744123
2017-06-20 00:00:00,36.252498626708984,37.02935586311854
2017-06-21 00:00:00,36.467498779296875,37.08109601146418
2017-06-22 00:00:00,36.407501220703125,37.031455775559564
2017-06-23 00:00:00,36.56999969482422,36.97329724177871
2017-06-26 00:00:00,36.45500183105469,37.035785471008346
2017-06-27 00:00:00,35.932498931884766,37.083062855749105
2017-06-28 00:00:00,36.45750045776367,37.144184907341156
2017-06-29 00:00:00,35.91999816894531,37.10421110293544
2017-06-30 00:00:00,36.005001068115234,37.05620283540807
2017-07-03 00:00:00,35.875,37.1534831869017
2017-07-05 00:00:00,36.022499084472656,37.28898212390324
2017-07-06 00:00:00,35.682498931884766,37.263320753299425
2017-07-07 00:00:00,36.04499816894531,37.23025838109147
2017-07-10 00:00:00,36.26499938964844,37.377171680087145
2017-07-11 00:00:00,36.38249969482422,37.45526187559257
2017-07-12 00:00:00,36.435001373291016,37.548438607991
2017-07-13 00:00:00,36.942501068115234,37.54030517877913
2017-07-14 00:00:00,37.2599983215332,37.52465869814414
2017-07-17 00:00:00,37.38999938964844,37.724253177731725
2017-07-18 00:00:00,37.52000045776367,37.8192301066777
2017-07-19 00:00:00,37.755001068115234,37.92876357709055
2017-07-20 00:00:00,37.584999084472656,37.9351283559182
2017-07-21 00:00:00,37.567501068115234,37.93292354006151
2017-07-24 00:00:00,38.022499084472656,38.16913360798719
2017-07-25 00:00:00,38.185001373291016,38.274379534310036
2017-07-26 00:00:00,38.3650016784668,38.393187493258424
2017-07-27 00:00:00,37.63999938964844,38.40637074670023
2017-07-28 00:00:00,37.375,38.40967616351712
2017-07-31 00:00:00,37.182498931884766,38.65857043857389
2017-08-01 00:00:00,37.51250076293945,38.76617167194334
2017-08-02 00:00:00,39.28499984741211,38.88643232754299
2017-08-03 00:00:00,38.89250183105469,38.89864020926946
2017-08-04 00:00:00,39.09749984741211,38.899771362801516
2017-08-07 00:00:00,39.70249938964844,39.1384161731245
2017-08-08 00:00:00,40.02000045776367,39.24043377795215
2017-08-09 00:00:00,40.26499938964844,39.353865886599856
2017-08-10 00:00:00,38.83000183105469,39.35644760702133
2017-08-11 00:00:00,39.369998931884766,39.34622236932295
2017-08-14 00:00:00,39.962501525878906,39.54223501652712
2017-08-15 00:00:00,40.400001525878906,39.62596014436669
2017-08-16 00:00:00,40.23749923706055,39.77682582397322
2017-08-17 00:00:00,39.46500015258789,39.81332238904726
2017-08-18 00:00:00,39.375,39.83431562501557
2017-08-21 00:00:00,39.3025016784668,40.11130740556526
2017-08-22 00:00:00,39.94499969482422,40.21714736137423
2017-08-23 00:00:00,39.994998931884766,40.3297498346406
2017-08-24 00:00:00,39.817501068115234,40.32382382140378
2017-08-25 00:00:00,39.96500015258789,40.29996302322137
2017-08-28 00:00:00,40.36750030517578,40.433663207968806
2017-08-29 00:00:00,40.727500915527344,40.489179516284025
2017-08-30 00:00:00,40.837501525878906,40.55083727425476
2017-08-31 00:00:00,41.0,40.49327152948163
2017-09-01 00:00:00,41.01250076293945,40.418328580425886
2017-09-05 00:00:00,40.52000045776367,40.419610512095964
2017-09-06 00:00:00,40.477500915527344,40.440619845568975
2017-09-07 00:00:00,40.314998626708984,40.34631967320538
2017-09-08 00:00:00,39.657501220703125,40.238814493981074
2017-09-11 00:00:00,40.375,40.156929286179434
2017-09-12 00:00:00,40.21500015258789,40.15469935238544
2017-09-13 00:00:00,39.912498474121094,40.166648944301706
2017-09-14 00:00:00,39.56999969482422,40.06917496918895
2017-09-15 00:00:00,39.970001220703125,39.96361314323312
2017-09-18 00:00:00,39.66749954223633,39.91412048955193
2017-09-19 00:00:00,39.682498931884766,39.931001897891
2017-09-20 00:00:00,39.01750183105469,39.96562578860087
2017-09-21 00:00:00,38.34749984741211,39.89451705815684
2017-09-22 00:00:00,37.97249984741211,39.81793579749249
2017-09-25 00:00:00,37.63750076293945,39.8652677942449
2017-09-26 00:00:00,38.28499984741211,39.916358316153314
2017-09-27 00:00:00,38.557498931884766,39.98537894054766
2017-09-28 00:00:00,38.31999969482422,39.948251744413064
2017-09-29 00:00:00,38.529998779296875,39.90473902624459
2017-10-02 00:00:00,38.45249938964844,40.04325381470033
2017-10-03 00:00:00,38.619998931884766,40.12107060043209
2017-10-04 00:00:00,38.369998931884766,40.214647106506035
2017-10-05 00:00:00,38.84749984741211,40.19899785055029
2017-10-06 00:00:00,38.82500076293945,40.174299809176766
2017-10-09 00:00:00,38.959999084472656,40.35550764106782
2017-10-10 00:00:00,38.974998474121094,40.44279546080564
2017-10-11 00:00:00,39.13750076293945,40.543631667099675
2017-10-12 00:00:00,39.0,40.532128153216156
2017-10-13 00:00:00,39.247501373291016,40.50942177207529
2017-10-16 00:00:00,39.970001220703125,40.68790327831225
2017-10-17 00:00:00,40.11750030517578,40.77139403378696
2017-10-18 00:00:00,39.939998626708984,40.867199017312394
2017-10-19 00:00:00,38.994998931884766,40.848540862674206
2017-10-20 00:00:00,39.0625,40.81746989451371
2017-10-23 00:00:00,39.04249954223633,40.96631044612193
2017-10-24 00:00:00,39.275001525878906,41.03794239720197
2017-10-25 00:00:00,39.102500915527344,41.12084158801808
2017-10-26 00:00:00,39.352500915527344,41.125743778416044
2017-10-27 00:00:00,40.76250076293945,41.116965168045674
2017-10-30 00:00:00,41.68000030517578,41.32720693997206
2017-10-31 00:00:00,42.2599983215332,41.41701330406265
2017-11-01 00:00:00,41.72249984741211,41.51695418999771
2017-11-02 00:00:00,42.02750015258789,41.49822163243615
2017-11-03 00:00:00,43.125,41.464514390761884
2017-11-06 00:00:00,43.5625,41.59596463715852
2017-11-07 00:00:00,43.70249938964844,41.65824589831869
2017-11-08 00:00:00,44.060001373291016,41.73044251374383
2017-11-09 00:00:00,43.970001220703125,41.68347638815524
2017-11-10 00:00:00,43.66749954223633,41.6220366023763
2017-11-13 00:00:00,43.49250030517578,41.678066025781966
2017-11-14 00:00:00,42.834999084472656,41.71883270098966
2017-11-15 00:00:00,42.27000045776367,41.771975959883065
2017-11-16 00:00:00,42.775001525878906,41.70870713350746
2017-11-17 00:00:00,42.537498474121094,41.63420782139598
2017-11-20 00:00:00,42.494998931884766,41.67304738165776
2017-11-21 00:00:00,43.28499984741211,41.71596128593758
2017-11-22 00:00:00,43.7400016784668,41.77532565337836
2017-11-24 00:00:00,43.74250030517578,41.66187047536492
2017-11-27 00:00:00,43.522499084472656,41.764019654760396
2017-11-28 00:00:00,43.26750183105469,41.833934041686305
2017-11-29 00:00:00,42.369998931884766,41.9225438867253
2017-11-30 00:00:00,42.962501525878906,41.89994450579629
2017-12-01 00:00:00,42.76250076293945,41.87084887577901
2017-12-04 00:00:00,42.45000076293945,42.068231948343296
2017-12-05 00:00:00,42.40999984741211,42.16808989754334
2017-12-06 00:00:00,42.252498626708984,42.284786163349004
2017-12-07 00:00:00,42.33000183105469,42.28668022393848
2017-12-08 00:00:00,42.342498779296875,42.278811000275624
2017-12-11 00:00:00,43.16749954223633,42.519770971757524
2017-12-12 00:00:00,42.92499923706055,42.6259812988861
2017-12-13 00:00:00,43.067501068115234,42.744691210334246
2017-12-14 00:00:00,43.05500030517578,42.74282178094121
2017-12-15 00:00:00,43.49250030517578,42.72667240049147
2017-12-18 00:00:00,44.10499954223633,42.92143424292427
2017-12-19 00:00:00,43.6349983215332,43.00561589840032
2017-12-20 00:00:00,43.587501525878906,43.09972586243023
2017-12-21 00:00:00,43.752498626708984,43.07019253765915
2017-12-22 00:00:00,43.752498626708984,43.02488975230267
2017-12-26 00:00:00,42.64250183105469,43.18719725309911
2017-12-27 00:00:00,42.650001525878906,43.254491604440375
2017-12-28 00:00:00,42.77000045776367,43.19968312767367
2017-12-29 00:00:00,42.307498931884766,43.13153211387324
2018-01-02 00:00:00,43.064998626708984,43.2328515765977
2018-01-03 00:00:00,43.057498931884766,43.292905628748315
2018-01-04 00:00:00,43.25749969482422,43.233900374830654
2018-01-05 00:00:00,43.75,43.16452600389943
2018-01-08 00:00:00,43.587501525878906,43.23201786190317
2018-01-09 00:00:00,43.58250045776367,43.28514905761378
2018-01-10 00:00:00,43.5724983215332,43.35417190144663
2018-01-11 00:00:00,43.81999969482422,43.30473502102806
2018-01-12 00:00:00,44.272499084472656,43.245205941205036
2018-01-16 00:00:00,44.04750061035156,43.40110311007224
2018-01-17 00:00:00,44.775001525878906,43.47618329795116
2018-01-18 00:00:00,44.814998626708984,43.430839969296876
2018-01-19 00:00:00,44.6150016784668,43.37361442379617
2018-01-22 00:00:00,44.25,43.466030505152766
2018-01-23 00:00:00,44.2599983215332,43.52246424755468
2018-01-24 00:00:00,43.55500030517578,43.592115537623044
2018-01-25 00:00:00,42.77750015258789,43.53995977647347
2018-01-26 00:00:00,42.877498626708984,43.47514446808756
2018-01-29 00:00:00,41.9900016784668,43.54400688734781
2018-01-30 00:00:00,41.74250030517578,43.59320718131961
2018-01-31 00:00:00,41.85749816894531,43.656404121348245
2018-02-01 00:00:00,41.94499969482422,43.598617890207194
2018-02-02 00:00:00,40.125,43.529347171058895
2018-02-05 00:00:00,39.122501373291016,43.59295664290923
2018-02-06 00:00:00,40.75749969482422,43.64288613731423
2018-02-07 00:00:00,39.8849983215332,43.70778846458061
2018-02-08 00:00:00,38.787498474121094,43.652242796788684
2018-02-09 00:00:00,39.102500915527344,43.58551703484682
2018-02-12 00:00:00,40.6775016784668,43.654664961608354
2018-02-13 00:00:00,41.084999084472656,43.70399280894269
2018-02-14 00:00:00,41.842498779296875,43.76617264953014
2018-02-15 00:00:00,43.247501373291016,43.70507623036537
2018-02-16 00:00:00,43.10749816894531,43.629638990029676
2018-02-20 00:00:00,42.962501525878906,43.673920656203926
2018-02-21 00:00:00,42.76750183105469,43.70626176663142
2018-02-22 00:00:00,43.125,43.61090201714642
2018-02-23 00:00:00,43.875,43.4969116784832
2018-02-26 00:00:00,44.74250030517578,43.37773904217527
2018-02-27 00:00:00,44.59749984741211,43.34952587788739
2018-02-28 00:00:00,44.529998779296875,43.32765343960215
2018-03-01 00:00:00,43.75,43.17847886637161
2018-03-02 00:00:00,44.0525016784668,43.011313656871195
2018-03-05 00:00:00,44.20500183105469,42.74272865548193
2018-03-06 00:00:00,44.16749954223633,42.67226595745719
2018-03-07 00:00:00,43.75749969482422,42.61367088036557
2018-03-08 00:00:00,44.23500061035156,42.43659115629482
2018-03-09 00:00:00,44.994998931884766,42.24953878501287
2018-03-12 00:00:00,45.43000030517578,41.97028287243419
2018-03-13 00:00:00,44.99250030517578,41.915352909962124
2018-03-14 00:00:00,44.61000061035156,41.88231702870168
2018-03-15 00:00:00,44.662498474121094,41.74303868254957
2018-03-16 00:00:00,44.505001068115234,41.603880922844915
2018-03-19 00:00:00,43.82500076293945,41.52010428090062
2018-03-20 00:00:00,43.810001373291016,41.5465881543135
2018-03-21 00:00:00,42.817501068115234,41.60177065487575
2018-03-22 00:00:00,42.212501525878906,41.55713726267106
2018-03-23 00:00:00,41.23500061035156,41.51686781604048
2018-03-26 00:00:00,43.192501068115234,41.63544844999402
2018-03-27 00:00:00,42.084999084472656,41.72972007680861
2018-03-28 00:00:00,41.619998931884766,41.85067821924651
2018-03-29 00:00:00,41.94499969482422,41.86756155745305
2018-04-02 00:00:00,41.66999816894531,42.24102108096596
2018-04-03 00:00:00,42.09749984741211,42.39886742522933
2018-04-04 00:00:00,42.90250015258789,42.5742472493361
2018-04-05 00:00:00,43.20000076293945,42.63353799122699
2018-04-06 00:00:00,42.095001220703125,42.681429644856614
2018-04-09 00:00:00,42.51250076293945,43.07647317907851
2018-04-10 00:00:00,43.3125,43.227391790584676
2018-04-11 00:00:00,43.11000061035156,43.386896321011605
2018-04-12 00:00:00,43.53499984741211,43.41962937438746
2018-04-13 00:00:00,43.682498931884766,43.433313065449155
2018-04-16 00:00:00,43.95500183105469,43.695996890304386
2018-04-17 00:00:00,44.560001373291016,43.79558479808698
2018-04-18 00:00:00,44.459999084472656,43.902162240011094
2018-04-19 00:00:00,43.20000076293945,43.88014558477842
2018-04-20 00:00:00,41.43000030517578,43.839941393578904
2018-04-23 00:00:00,41.310001373291016,43.95948236090523
2018-04-24 00:00:00,40.73500061035156,44.0198640031796
2018-04-25 00:00:00,40.912498474121094,44.09267797745634
2018-04-26 00:00:00,41.05500030517578,44.04234087591726
2018-04-27 00:00:00,40.58000183105469,43.98017063840296
2018-04-30 00:00:00,41.314998626708984,44.073755506375996
2018-05-01 00:00:00,42.275001525878906,44.13818433516136
2018-05-02 00:00:00,44.14250183105469,44.22089021235162
2018-05-03 00:00:00,44.22249984741211,44.18538027160567
2018-05-04 00:00:00,45.95750045776367,44.14264381925393
2018-05-07 00:00:00,46.290000915527344,44.316747686576406
2018-05-08 00:00:00,46.51250076293945,44.41280082531946
2018-05-09 00:00:00,46.84000015258789,44.52829212280586
2018-05-10 00:00:00,47.5099983215332,44.524953921121366
2018-05-11 00:00:00,47.147499084472656,44.51371947066964
2018-05-14 00:00:00,47.037498474121094,44.775359995804884
2018-05-15 00:00:00,46.61000061035156,44.89612191658906
2018-05-16 00:00:00,47.04499816894531,45.03346065728664
2018-05-17 00:00:00,46.747501373291016,45.04723911685468
2018-05-18 00:00:00,46.57749938964844,45.049441200769856
2018-05-21 00:00:00,46.907501220703125,45.333529606157704
2018-05-22 00:00:00,46.790000915527344,45.45545130538249
2018-05-23 00:00:00,47.09000015258789,45.59115987489567
2018-05-24 00:00:00,47.037498474121094,45.59911327539146
2018-05-25 00:00:00,47.14500045776367,45.59307954440075
2018-05-29 00:00:00,46.974998474121094,45.95641129700721
2018-05-30 00:00:00,46.875,46.080312925860774
2018-05-31 00:00:00,46.717498779296875,46.07532074813687
2018-06-01 00:00:00,47.560001373291016,46.05682458957362
2018-06-04 00:00:00,47.95750045776367,46.28185201748315
2018-06-05 00:00:00,48.32749938964844,46.385725082227616
2018-06-06 00:00:00,48.494998931884766,46.488084777714874
2018-06-07 00:00:00,48.3650016784668,46.46209937060895
2018-06-08 00:00:00,47.92499923706055,46.42425405379855
2018-06-11 00:00:00,47.807498931884766,46.60311335696184
2018-06-12 00:00:00,48.06999969482422,46.694615682319416
2018-06-13 00:00:00,47.67499923706055,46.80290791999689
2018-06-14 00:00:00,47.70000076293945,46.783051723271655
2018-06-15 00:00:00,47.209999084472656,46.75213625669906
2018-06-18 00:00:00,47.185001373291016,46.957742709442634
2018-06-19 00:00:00,46.42250061035156,47.05929505643214
2018-06-20 00:00:00,46.625,47.178067190142684
2018-06-21 00:00:00,46.3650016784668,47.16788140764626
2018-06-22 00:00:00,46.22999954223633,47.14670269424547
2018-06-25 00:00:00,45.54249954223633,47.38524611306422
2018-06-26 00:00:00,46.10749816894531,47.49865833496378
2018-06-27 00:00:00,46.040000915527344,47.62987883690536
2018-06-28 00:00:00,46.375,47.631399288506934
2018-06-29 00:00:00,46.27750015258789,47.62237286063717
2018-07-02 00:00:00,46.79499816894531,47.90490142393527
2018-07-03 00:00:00,45.97999954223633,48.03514850981667
2018-07-05 00:00:00,46.349998474121094,48.20349874754865
2018-07-06 00:00:00,46.99250030517578,48.21285068527244
2018-07-09 00:00:00,47.64500045776367,48.559968380296
2018-07-10 00:00:00,47.587501525878906,48.713891378297454
2018-07-11 00:00:00,46.970001220703125,48.8877711712498
2018-07-12 00:00:00,47.75749969482422,48.92999769550586
2018-07-13 00:00:00,47.83250045776367,48.96256688526675
2018-07-16 00:00:00,47.727500915527344,49.384086174745725
2018-07-17 00:00:00,47.86249923706055,49.562798346187584
2018-07-18 00:00:00,47.599998474121094,49.76119546216669
2018-07-19 00:00:00,47.970001220703125,49.824737530413586
2018-07-20 00:00:00,47.86000061035156,49.87737321922001
2018-07-23 00:00:00,47.90250015258789,50.35771952794481
2018-07-24 00:00:00,48.25,50.5540249637195
2018-07-25 00:00:00,48.70500183105469,50.768927567400695
2018-07-26 00:00:00,48.5525016784668,50.84469765918653
2018-07-27 00:00:00,47.744998931884766,50.90774790674913
2018-07-30 00:00:00,47.477500915527344,51.416728256042425
2018-07-31 00:00:00,47.5724983215332,51.620340468164066
2018-08-01 00:00:00,50.375,51.84148599531937
2018-08-02 00:00:00,51.84749984741211,51.91911746014598
2018-08-03 00:00:00,51.997501373291016,51.98232738904719
2018-08-06 00:00:00,52.26750183105469,52.489741171924045
2018-08-07 00:00:00,51.77750015258789,52.69041469780076
2018-08-08 00:00:00,51.8125,52.90725197530906
2018-08-09 00:00:00,52.220001220703125,52.97577782191173
2018-08-10 00:00:00,51.88249969482422,53.02761785037403
2018-08-13 00:00:00,52.217498779296875,53.493385087719226
2018-08-14 00:00:00,52.4375,53.675379656789154
2018-08-15 00:00:00,52.560001373291016,53.870735840521284
2018-08-16 00:00:00,53.33000183105469,53.91182473242543
2018-08-17 00:00:00,54.39500045776367,53.914080431263315
2018-08-20 00:00:00,53.8650016784668,54.21389296605
2018-08-21 00:00:00,53.7599983215332,54.33306538019523
2018-08-22 00:00:00,53.76250076293945,54.46176250372298
2018-08-23 00:00:00,53.872501373291016,54.4307791764311
2018-08-24 00:00:00,54.040000915527344,54.37596015399731
2018-08-27 00:00:00,54.48500061035156,54.48940744959865
2018-08-28 00:00:00,54.92499923706055,54.54185153271439
2018-08-29 00:00:00,55.744998931884766,54.60228020027867
2018-08-30 00:00:00,56.25749969482422,54.5018154158576
2018-08-31 00:00:00,56.907501220703125,54.37755151611779
2018-09-04 00:00:00,57.09000015258789,54.278379240895674
2018-09-05 00:00:00,56.717498779296875,54.27898492482677
2018-09-06 00:00:00,55.775001525878906,54.123755359939516
2018-09-07 00:00:00,55.32500076293945,53.949780947299544
2018-09-10 00:00:00,54.58250045776367,53.74355596487249
2018-09-11 00:00:00,55.962501525878906,53.705969629347365
2018-09-12 00:00:00,55.26750183105469,53.686153790681544
2018-09-13 00:00:00,56.602500915527344,53.519030853663594
2018-09-14 00:00:00,55.959999084472656,53.340236008081476
2018-09-17 00:00:00,54.470001220703125,53.1555150364327
2018-09-18 00:00:00,54.560001373291016,53.1369906704224
2018-09-19 00:00:00,54.592498779296875,53.14150998206973
2018-09-20 00:00:00,55.00749969482422,53.005093574915776
2018-09-21 00:00:00,54.415000915527344,52.861309412351325
2018-09-24 00:00:00,55.1974983215332,52.797645110326464
2018-09-25 00:00:00,55.54750061035156,52.82340126341721
2018-09-26 00:00:00,55.10499954223633,52.87309113992621
2018-09-27 00:00:00,56.23749923706055,52.782807357870176
2018-09-28 00:00:00,56.435001373291016,52.684664387399685
2018-10-01 00:00:00,56.814998626708984,52.748690718808206
2018-10-02 00:00:00,57.31999969482422,52.812794610440626
2018-10-03 00:00:00,58.01750183105469,52.898148406085156
2018-10-04 00:00:00,56.997501373291016,52.84041744737865
2018-10-05 00:00:00,56.0724983215332,52.771476928670005
2018-10-08 00:00:00,55.942501068115234,52.903204486876355
2018-10-09 00:00:00,56.717498779296875,52.983208328676646
2018-10-10 00:00:00,54.09000015258789,53.08127582273707
2018-10-11 00:00:00,53.61249923706055,53.03262024019854
2018-10-12 00:00:00,55.52750015258789,52.969725236377634
2018-10-15 00:00:00,54.34000015258789,53.10510675810924
2018-10-16 00:00:00,55.537498474121094,53.18191901423649
2018-10-17 00:00:00,55.29750061035156,53.27491022486674
2018-10-18 00:00:00,54.005001068115234,53.21887499147098
2018-10-19 00:00:00,54.82749938964844,53.14695348389864
2018-10-22 00:00:00,55.162498474121094,53.24763058648332
2018-10-23 00:00:00,55.682498931884766,53.31019560288393
2018-10-24 00:00:00,53.772499084472656,53.38758315522917
2018-10-25 00:00:00,54.95000076293945,53.31423834533294
2018-10-26 00:00:00,54.07500076293945,53.22359219505002
2018-10-29 00:00:00,53.060001373291016,52.70034249530753
2018-10-30 00:00:00,53.32500076293945,52.552394093712614
2018-10-31 00:00:00,54.71500015258789,52.41767430967477
2018-11-01 00:00:00,55.55500030517578,52.13413678004583
2018-11-02 00:00:00,51.869998931884766,51.83358564359843
2018-11-05 00:00:00,50.397499084472656,51.229009762982756
2018-11-06 00:00:00,50.942501068115234,51.05149389104111
2018-11-07 00:00:00,52.48749923706055,50.886394166349
2018-11-08 00:00:00,52.122501373291016,50.57682406712807
2018-11-09 00:00:00,51.11750030517578,50.251243704534936
2018-11-12 00:00:00,48.54249954223633,49.56925456904794
2018-11-13 00:00:00,48.057498931884766,49.36883825802117
2018-11-14 00:00:00,46.70000076293945,49.18300523473057
2018-11-15 00:00:00,47.852500915527344,48.86061331776788
2018-11-16 00:00:00,48.38249969482422,48.52629343607744
2018-11-19 00:00:00,46.46500015258789,47.83206970600883
2018-11-20 00:00:00,44.244998931884766,47.63539801445665
2018-11-21 00:00:00,44.19499969482422,47.457385050546634
2018-11-23 00:00:00,43.0724983215332,46.83992604088524
2018-11-26 00:00:00,43.654998779296875,46.22572528790195
2018-11-27 00:00:00,43.560001373291016,46.06162115258967
2018-11-28 00:00:00,45.23500061035156,45.91835685419414
2018-11-29 00:00:00,44.88750076293945,45.65419720393282
2018-11-30 00:00:00,44.64500045776367,45.38466783253772
2018-12-03 00:00:00,46.20500183105469,44.8914170622979
2018-12-04 00:00:00,44.17250061035156,44.76523366277321
2018-12-06 00:00:00,43.68000030517578,44.43011949720693
2018-12-07 00:00:00,42.122501373291016,44.19437371077401
2018-12-10 00:00:00,42.400001525878906,43.77208789743063
2018-12-11 00:00:00,42.157501220703125,43.66013927308533
2018-12-12 00:00:00,42.275001525878906,43.56174900161122
2018-12-13 00:00:00,42.73749923706055,43.341723169596975
2018-12-14 00:00:00,41.369998931884766,43.10907106658385
2018-12-17 00:00:00,40.98500061035156,42.66336241004756
2018-12-18 00:00:00,41.51750183105469,42.53535736298929
2018-12-19 00:00:00,40.22249984741211,42.41750004959125
2018-12-20 00:00:00,39.20750045776367,42.17872447276168
2018-12-21 00:00:00,37.682498931884766,41.92583678234584
2018-12-24 00:00:00,36.70750045776367,41.40718925886562
2018-12-26 00:00:00,39.29249954223633,41.1125118431574
2018-12-27 00:00:00,39.037498474121094,40.85497226187968
2018-12-28 00:00:00,39.057498931884766,40.5858642410183
2018-12-31 00:00:00,39.435001373291016,40.026463287124
2019-01-02 00:00:00,39.47999954223633,39.71773660576705
2019-01-03 00:00:00,35.54750061035156,39.46153363386589
2019-01-04 00:00:00,37.064998626708984,39.197140794792546
2019-01-07 00:00:00,36.98249816894531,38.65903196383037
2019-01-08 00:00:00,37.6875,38.50833056742718
2019-01-09 00:00:00,38.32749938964844,38.37224207478295
2019-01-10 00:00:00,38.45000076293945,38.132312737174985
2019-01-11 00:00:00,38.0724983215332,37.88513886667673
2019-01-14 00:00:00,37.5,38.356053672344416
2019-01-15 00:00:00,38.26750183105469,38.54041842141251
2019-01-16 00:00:00,38.73500061035156,38.738832356177355
2019-01-17 00:00:00,38.96500015258789,38.83079126473314
2019-01-18 00:00:00,39.20500183105469,38.912558900259896
2019-01-22 00:00:00,38.32500076293945,39.5865491354087
2019-01-23 00:00:00,38.47999954223633,39.78673981412236
2019-01-24 00:00:00,38.17499923706055,39.87630914840125
2019-01-25 00:00:00,39.439998626708984,39.95435675597931
2019-01-28 00:00:00,39.07500076293945,40.43265950520673
2019-01-29 00:00:00,38.66999816894531,40.61741274806718
2019-01-30 00:00:00,41.3125,40.81580590331724
2019-01-31 00:00:00,41.61000061035156,40.901334728323874
2019-02-01 00:00:00,41.630001068115234,40.97591541333241
2019-02-04 00:00:00,42.8125,41.45675320180048
2019-02-05 00:00:00,43.54499816894531,41.64542459101155
2019-02-06 00:00:00,43.560001373291016,41.84922244482461
2019-02-07 00:00:00,42.73500061035156,41.938276485276894
2019-02-08 00:00:00,42.602500915527344,42.01683622761754
2019-02-11 00:00:00,42.35749816894531,42.51706845871344
2019-02-12 00:00:00,42.72249984741211,42.71177760717744
2019-02-13 00:00:00,42.54499816894531,42.92057537390935
2019-02-14 00:00:00,42.70000076293945,43.00971984485034
2019-02-15 00:00:00,42.60499954223633,43.08559282332383
2019-02-19 00:00:00,42.73249816894531,43.74424899584523
2019-02-20 00:00:00,43.00749969482422,43.933965545583135
2019-02-21 00:00:00,42.76499938964844,43.99639288968446
2019-02-22 00:00:00,43.24250030517578,44.04047790813118
2019-02-25 00:00:00,43.557498931884766,44.401761731684715
2019-02-26 00:00:00,43.58250045776367,44.534894973489976
2019-02-27 00:00:00,43.717498779296875,44.674774701043674
2019-02-28 00:00:00,43.287498474121094,44.682961622785726
2019-03-01 00:00:00,43.74250030517578,44.671333678877474
2019-03-04 00:00:00,43.962501525878906,44.87118196353895
2019-03-05 00:00:00,43.88249969482422,44.95508492161697
2019-03-06 00:00:00,43.630001068115234,45.049958284531655
2019-03-07 00:00:00,43.125,45.01749081955147
2019-03-08 00:00:00,43.227500915527344,44.97176551357872
2019-03-11 00:00:00,44.724998474121094,45.120606619576805
2019-03-12 00:00:00,45.227500915527344,45.20692148782034
2019-03-13 00:00:00,45.4275016784668,45.315001386013144
2019-03-14 00:00:00,45.932498931884766,45.30607280395666
2019-03-15 00:00:00,46.529998779296875,45.29497609004561
2019-03-18 00:00:00,47.005001068115234,45.61625445267981
2019-03-19 00:00:00,46.63249969482422,45.781471241215556
2019-03-20 00:00:00,47.040000915527344,45.978263431855844
2019-03-21 00:00:00,48.772499084472656,46.064737799348094
2019-03-22 00:00:00,47.76250076293945,46.156028628922044
2019-03-25 00:00:00,47.185001373291016,46.822402304489536
2019-03-26 00:00:00,46.6974983215332,47.11006227438341
2019-03-27 00:00:00,47.11750030517578,47.43079256365566
2019-03-28 00:00:00,47.18000030517578,47.37330590245662
2019-03-29 00:00:00,47.48749923706055,47.31677566711463
2019-04-01 00:00:00,47.810001373291016,47.506899615682414
2019-04-02 00:00:00,48.505001068115234,47.61752147515601
2019-04-03 00:00:00,48.837501525878906,47.749634699786974
2019-04-04 00:00:00,48.92250061035156,47.75348181010287
2019-04-05 00:00:00,49.25,47.7466222803881
2019-04-08 00:00:00,50.025001525878906,48.01748278739324
2019-04-09 00:00:00,49.875,48.131949115721696
2019-04-10 00:00:00,50.154998779296875,48.25696143997977
2019-04-11 00:00:00,49.73749923706055,48.241866487037456
2019-04-12 00:00:00,49.717498779296875,48.20642171692489
2019-04-15 00:00:00,49.807498931884766,48.3477303509595
2019-04-16 00:00:00,49.8125,48.407744718325354
2019-04-17 00:00:00,50.782501220703125,48.474859737657525
2019-04-18 00:00:00,50.96500015258789,48.39928956910417
2019-04-22 00:00:00,51.13249969482422,48.272066991024325
2019-04-23 00:00:00,51.869998931884766,48.28171742314068
2019-04-24 00:00:00,51.790000915527344,48.303556927481054
2019-04-25 00:00:00,51.31999969482422,48.189180247061444
2019-04-26 00:00:00,51.07500076293945,48.0607649496024
2019-04-29 00:00:00,51.15250015258789,47.97471481329064
2019-04-30 00:00:00,50.16749954223633,47.98008007481526
2019-05-01 00:00:00,52.630001068115234,48.004367926633996
2019-05-02 00:00:00,52.287498474121094,47.899679516250224
2019-05-03 00:00:00,52.9375,47.786858257792076
2019-05-06 00:00:00,52.119998931884766,47.77418235358131
2019-05-07 00:00:00,50.71500015258789,47.81075349998595
2019-05-08 00:00:00,50.724998474121094,47.86827756831442
2019-05-09 00:00:00,50.18000030517578,47.798358476707484
2019-05-10 00:00:00,49.29499816894531,47.7205562876344
2019-05-13 00:00:00,46.43000030517578,47.80687672321161
2019-05-14 00:00:00,47.165000915527344,47.87248094475633
2019-05-15 00:00:00,47.72999954223633,47.95620829717585
2019-05-16 00:00:00,47.52000045776367,47.9089449111312
2019-05-17 00:00:00,47.25,47.850117293946376
2019-05-20 00:00:00,45.772499084472656,47.97132690103289
2019-05-21 00:00:00,46.650001525878906,48.0411481703594
2019-05-22 00:00:00,45.69499969482422,48.12564427329244
2019-05-23 00:00:00,44.915000915527344,48.07544849784292
2019-05-24 00:00:00,44.74250030517578,48.010765737814346
2019-05-28 00:00:00,44.557498931884766,48.15917888103568
2019-05-29 00:00:00,44.345001220703125,48.23018823625519
2019-05-30 00:00:00,44.57500076293945,48.16597103687048
2019-05-31 00:00:00,43.76750183105469,48.08745949585535
2019-06-03 00:00:00,43.32500076293945,48.14251879973723
2019-06-04 00:00:00,44.90999984741211,48.18994297633085
2019-06-05 00:00:00,45.6349983215332,48.252949436289576
2019-06-06 00:00:00,46.30500030517578,48.18239232518428
2019-06-07 00:00:00,47.537498474121094,48.09934525309416
2019-06-10 00:00:00,48.14500045776367,48.15154035930897
2019-06-11 00:00:00,48.70249938964844,48.20132939421735
2019-06-12 00:00:00,48.54750061035156,48.26816648608855
2019-06-13 00:00:00,48.537498474121094,48.20269629388166
2019-06-14 00:00:00,48.185001373291016,48.12584470619116
2019-06-17 00:00:00,48.47249984741211,48.201889087265585
2019-06-18 00:00:00,49.61249923706055,48.26086733658781
2019-06-19 00:00:00,49.467498779296875,48.337316204067754
2019-06-20 00:00:00,49.8650016784668,48.28155278675359
2019-06-21 00:00:00,49.69499969482422,48.2145768349168
2019-06-24 00:00:00,49.64500045776367,48.32186011006496
2019-06-25 00:00:00,48.89250183105469,48.39176342098725
2019-06-26 00:00:00,49.95000076293945,48.479498849020096
2019-06-27 00:00:00,49.935001373291016,48.4349992292125
2019-06-28 00:00:00,49.47999954223633,48.37967287694209
2019-07-01 00:00:00,50.38750076293945,48.52666224106254
2019-07-02 00:00:00,50.682498931884766,48.61152428958212
2019-07-03 00:00:00,51.102500915527344,48.715239649823815
2019-07-05 00:00:00,51.057498931884766,48.64887360743754
2019-07-08 00:00:00,50.005001068115234,48.85490071420873
2019-07-09 00:00:00,50.310001373291016,48.96149799133599
2019-07-10 00:00:00,50.807498931884766,49.08786962504854
2019-07-11 00:00:00,50.4375,49.08191262007512
2019-07-12 00:00:00,50.82500076293945,49.0663086068023
2019-07-15 00:00:00,51.3025016784668,49.343696933729525
2019-07-16 00:00:00,51.125,49.474203282823844
2019-07-17 00:00:00,50.837501525878906,49.6242680493438
2019-07-18 00:00:00,51.415000915527344,49.639891774685985
2019-07-19 00:00:00,50.647499084472656,49.644850190191626
2019-07-22 00:00:00,51.80500030517578,49.98112064386075
2019-07-23 00:00:00,52.209999084472656,50.129166315293325
2019-07-24 00:00:00,52.16749954223633,50.29560413373054
2019-07-25 00:00:00,51.755001068115234,50.324264361138994
2019-07-26 00:00:00,51.935001373291016,50.34052442496236
2019-07-29 00:00:00,52.41999816894531,50.70583386516217
2019-07-30 00:00:00,52.19499969482422,50.86103023374761
2019-07-31 00:00:00,53.2599983215332,51.03341100360037
2019-08-01 00:00:00,52.10749816894531,51.064537726159394
2019-08-02 00:00:00,51.005001068115234,51.08164814549145
2019-08-05 00:00:00,48.334999084472656,51.445659977732475
2019-08-06 00:00:00,49.25,51.59799834536628
2019-08-07 00:00:00,49.7599983215332,51.766209477079734
2019-08-08 00:00:00,50.85749816894531,51.7894984554877
2019-08-09 00:00:00,50.247501373291016,51.796840130178495
2019-08-12 00:00:00,50.119998931884766,52.123818831652194
2019-08-13 00:00:00,52.24250030517578,52.25952802242137
2019-08-14 00:00:00,50.6875,52.40859487287681
2019-08-15 00:00:00,50.435001373291016,52.40806387284619
2019-08-16 00:00:00,51.625,52.3883961723903
2019-08-19 00:00:00,52.587501525878906,52.61772521192923
2019-08-20 00:00:00,52.59000015258789,52.71393706781606
2019-08-21 00:00:00,53.15999984741211,52.993250563282665
2019-08-22 00:00:00,53.1150016784668,53.1184288119383
2019-08-23 00:00:00,50.65999984741211,53.2209995680538
2019-08-26 00:00:00,51.622501373291016,53.80578880251366
2019-08-27 00:00:00,51.040000915527344,54.016832026279964
2019-08-28 00:00:00,51.38249969482422,54.23651329642066
2019-08-29 00:00:00,52.252498626708984,54.296534320167325
2019-08-30 00:00:00,52.185001373291016,54.3323273283526
2019-09-03 00:00:00,51.42499923706055,54.869187978361154
2019-09-04 00:00:00,52.29750061035156,55.02785187815125
2019-09-05 00:00:00,53.31999969482422,55.027483842260104
2019-09-06 00:00:00,53.314998626708984,55.0064184183318
2019-09-09 00:00:00,53.54249954223633,55.257059543423345
2019-09-10 00:00:00,54.17499923706055,55.37023100908222
2019-09-11 00:00:00,55.897499084472656,55.50068983343073
2019-09-12 00:00:00,55.772499084472656,55.477488507982414
2019-09-13 00:00:00,54.6875,55.4404148339163
2019-09-16 00:00:00,54.974998474121094,55.68751324683206
2019-09-17 00:00:00,55.17499923706055,55.81333498396016
2019-09-18 00:00:00,55.692501068115234,55.962964223967205
2019-09-19 00:00:00,55.2400016784668,55.96358284628018
2019-09-20 00:00:00,54.432498931884766,55.9555589307069
2019-09-23 00:00:00,54.68000030517578,56.319748124537306
2019-09-24 00:00:00,54.41999816894531,56.491843336607324
2019-09-25 00:00:00,55.25749969482422,56.690296073293176
2019-09-26 00:00:00,54.97249984741211,56.739225534059656
2019-09-27 00:00:00,54.70500183105469,56.77995486270187
2019-09-30 00:00:00,55.99250030517578,57.29362447260581
2019-10-01 00:00:00,56.147499084472656,57.51367884703475
2019-10-02 00:00:00,54.7400016784668,57.75838169314201
2019-10-03 00:00:00,55.20500183105469,57.84803173910561
2019-10-04 00:00:00,56.752498626708984,57.92614740196879
2019-10-07 00:00:00,56.76499938964844,58.53918424526342
2019-10-08 00:00:00,56.099998474121094,58.78618836928274
2019-10-09 00:00:00,56.75749969482422,59.05475733151367
2019-10-10 00:00:00,57.522499084472656,59.16118895685458
2019-10-11 00:00:00,59.0525016784668,59.252303541730306
2019-10-14 00:00:00,58.967498779296875,59.893867574053004
2019-10-15 00:00:00,58.83000183105469,60.14568661954517
2019-10-16 00:00:00,58.592498779296875,60.41707828572894
2019-10-17 00:00:00,58.81999969482422,60.520312195016224
2019-10-18 00:00:00,59.102500915527344,60.60580316418797
2019-10-21 00:00:00,60.127498626708984,61.22778154700445
2019-10-22 00:00:00,59.9900016784668,61.470480825586634
2019-10-23 00:00:00,60.79499816894531,61.731502178943785
2019-10-24 00:00:00,60.89500045776367,61.81904881789754
2019-10-25 00:00:00,61.64500045776367,61.886825889398416
2019-10-28 00:00:00,62.26250076293945,62.45245763096815
2019-10-29 00:00:00,60.8224983215332,62.673083685228306
2019-10-30 00:00:00,60.814998626708984,62.910219326614886
2019-10-31 00:00:00,62.189998626708984,62.97173076542363
2019-11-01 00:00:00,63.95500183105469,63.01104322542996
2019-11-04 00:00:00,64.375,63.48560401893097
2019-11-05 00:00:00,64.28250122070312,63.672704472998916
2019-11-06 00:00:00,64.30999755859375,63.87508248843108
2019-11-07 00:00:00,64.85749816894531,63.89472279903501
2019-11-08 00:00:00,65.03500366210938,63.89131243221373
2019-11-11 00:00:00,65.55000305175781,64.2438652216747
2019-11-12 00:00:00,65.48999786376953,64.39283630480331
2019-11-13 00:00:00,66.11750030517578,64.55935632446568
2019-11-14 00:00:00,65.66000366210938,64.5440212848427
2019-11-15 00:00:00,66.44000244140625,64.50897996908114
2019-11-18 00:00:00,66.7750015258789,64.79694176590932
2019-11-19 00:00:00,66.57250213623047,64.93521233393543
2019-11-20 00:00:00,65.79750061035156,65.09711597308437
2019-11-21 00:00:00,65.50250244140625,65.08185287032005
2019-11-22 00:00:00,65.44499969482422,65.05304533348048
2019-11-25 00:00:00,66.59249877929688,65.40053891637194
2019-11-26 00:00:00,66.07250213623047,65.57082019346187
2019-11-27 00:00:00,66.95999908447266,65.77020429532507
2019-11-29 00:00:00,66.8125,65.8101113116137
2019-12-02 00:00:00,66.04000091552734,66.30865619770415
2019-12-03 00:00:00,64.86250305175781,66.53195377422432
2019-12-04 00:00:00,65.43499755859375,66.78415994596106
2019-12-05 00:00:00,66.3949966430664,66.85749220106929
2019-12-06 00:00:00,67.67749786376953,66.91783395584872
2019-12-09 00:00:00,66.7300033569336,67.53489329931618
2019-12-10 00:00:00,67.12000274658203,67.7878554662936
2019-12-11 00:00:00,67.69249725341797,68.06382889836314
2019-12-12 00:00:00,67.86499786376953,68.15059650141292
2019-12-13 00:00:00,68.7874984741211,68.2169326742577
2019-12-16 00:00:00,69.96499633789062,68.8171949072139
2019-12-17 00:00:00,70.10250091552734,69.05170389903653
2019-12-18 00:00:00,69.93499755859375,69.30344823341376
2019-12-19 00:00:00,70.00499725341797,69.35704111045779
2019-12-20 00:00:00,69.86000061035156,69.38520983292528
2019-12-23 00:00:00,71.0,69.85830824173425
2019-12-24 00:00:00,71.06749725341797,70.04753312020942
2019-12-26 00:00:00,72.47750091552734,70.26084049818466
2019-12-27 00:00:00,72.44999694824219,70.24383513471952
2019-12-30 00:00:00,72.87999725341797,70.60563290602231
2019-12-31 00:00:00,73.4124984741211,70.76655890024954
2020-01-02 00:00:00,75.0875015258789,70.93676075748735
2020-01-03 00:00:00,74.35749816894531,70.90496363699332
2020-01-06 00:00:00,74.94999694824219,71.2567950978525
2020-01-07 00:00:00,74.59750366210938,71.42384055610569
2020-01-08 00:00:00,75.79750061035156,71.61731695099705
2020-01-09 00:00:00,77.40750122070312,71.61539297208978
2020-01-10 00:00:00,77.5824966430664,71.59707257397429
2020-01-13 00:00:00,79.23999786376953,72.00081453388582
2020-01-14 00:00:00,78.16999816894531,72.18569890695326
2020-01-15 00:00:00,77.83499908447266,72.31912839480819
2020-01-16 00:00:00,78.80999755859375,72.25339831728938
2020-01-17 00:00:00,79.68250274658203,72.16899712589752
2020-01-21 00:00:00,79.14250183105469,72.46928086563118
2020-01-22 00:00:00,79.42500305175781,72.59997248133497
2020-01-23 00:00:00,79.80750274658203,72.52803661436131
2020-01-24 00:00:00,79.57749938964844,72.43499180308238
2020-01-27 00:00:00,77.23750305175781,72.59270569214253
2020-01-28 00:00:00,79.42250061035156,72.68789025410273
2020-01-29 00:00:00,81.08499908447266,72.80565201354311
2020-01-30 00:00:00,80.96749877929688,72.72079586270341
2020-01-31 00:00:00,77.37750244140625,72.61588011144718
2020-02-03 00:00:00,77.16500091552734,72.74928214745
2020-02-04 00:00:00,79.7125015258789,72.84061760423555
2020-02-05 00:00:00,80.36250305175781,72.95676051170202
2020-02-06 00:00:00,81.30249786376953,72.87191931110762
2020-02-07 00:00:00,80.00749969482422,72.76875747938097
2020-02-10 00:00:00,80.38749694824219,72.91442281432234
2020-02-11 00:00:00,79.90249633789062,73.00985840278905
2020-02-12 00:00:00,81.80000305175781,73.1288192906158
2020-02-13 00:00:00,81.21749877929688,73.04410169229108
2020-02-14 00:00:00,81.23750305175781,72.9379031008663
2020-02-18 00:00:00,79.75,73.11979077378484
2020-02-19 00:00:00,80.90499877929688,73.20808279126105
2020-02-20 00:00:00,80.07499694824219,73.0850428265786
2020-02-21 00:00:00,78.26249694824219,72.93294759980283
2020-02-24 00:00:00,74.54499816894531,72.85975004515392
2020-02-25 00:00:00,72.0199966430664,72.85625804395151
2020-02-26 00:00:00,73.1624984741211,72.86324240738476
2020-02-27 00:00:00,68.37999725341797,72.65518183096496
2020-02-28 00:00:00,68.33999633789062,72.41505904640977
2020-03-02 00:00:00,74.70249938964844,72.0698034864318
2020-03-03 00:00:00,72.33000183105469,71.97908414063008
2020-03-04 00:00:00,75.68499755859375,71.90352114805816
2020-03-05 00:00:00,73.2300033569336,71.62261923728333
2020-03-06 00:00:00,72.25749969482422,71.31901921946098
2020-03-09 00:00:00,66.5425033569336,70.84657536319227
2020-03-10 00:00:00,71.33499908447266,70.74067128243881
2020-03-11 00:00:00,68.85749816894531,70.6653831845437
2020-03-12 00:00:00,62.057498931884766,70.40478541764743
2020-03-13 00:00:00,69.49250030517578,70.13877204887159
2020-03-16 00:00:00,60.5525016784668,69.87399943036877
2020-03-17 00:00:00,63.21500015258789,69.86952693559296
2020-03-18 00:00:00,61.66749954223633,69.91055016115415
2020-03-19 00:00:00,61.19499969482422,69.7819948307308
2020-03-20 00:00:00,57.310001373291016,69.65992668261427
2020-03-23 00:00:00,56.092498779296875,69.87897719692181
2020-03-24 00:00:00,61.720001220703125,70.04785488963888
2020-03-25 00:00:00,61.380001068115234,70.26495145734475
2020-03-26 00:00:00,64.61000061035156,70.31147482964359
2020-03-27 00:00:00,61.935001373291016,70.36154405999424
2020-03-30 00:00:00,63.70249938964844,71.0655992132313
2020-03-31 00:00:00,63.5724983215332,71.37857816303769
2020-04-01 00:00:00,60.227500915527344,71.72814637239027
2020-04-02 00:00:00,61.23249816894531,71.88914907999037
2020-04-03 00:00:00,60.352500915527344,72.03770112027632
2020-04-06 00:00:00,65.61750030517578,72.94695408675314
2020-04-07 00:00:00,64.85749816894531,73.29461755594481
2020-04-08 00:00:00,66.51750183105469,73.66204396717876
2020-04-09 00:00:00,66.99749755859375,73.81852804554156
2020-04-13 00:00:00,68.3125,74.71817378536814
2020-04-14 00:00:00,71.76249694824219,74.99811508599424
2020-04-15 00:00:00,71.10749816894531,75.28978818753815
2020-04-16 00:00:00,71.67250061035156,75.35968459514436
2020-04-17 00:00:00,70.69999694824219,75.39609945336876
2020-04-20 00:00:00,69.23249816894531,75.90108528195236
2020-04-21 00:00:00,67.09249877929688,76.09801590691261
2020-04-22 00:00:00,69.0250015258789,76.31267297936233
2020-04-23 00:00:00,68.75749969482422,76.3100982471145
2020-04-24 00:00:00,70.74250030517578,76.28268064437455
2020-04-27 00:00:00,70.7925033569336,76.66306576293924
2020-04-28 00:00:00,69.6449966430664,76.84102625329116
2020-04-29 00:00:00,71.93250274658203,77.04818612368867
2020-04-30 00:00:00,73.44999694824219,77.04705298045894
2020-05-01 00:00:00,72.26750183105469,77.03130982198526
2020-05-04 00:00:00,73.29000091552734,77.50580020710441
2020-05-05 00:00:00,74.38999938964844,77.7303690442664
2020-05-06 00:00:00,75.15750122070312,77.98981116626145
2020-05-07 00:00:00,75.93499755859375,78.04228390641664
2020-05-08 00:00:00,77.53250122070312,78.08229074807684
2020-05-11 00:00:00,78.75250244140625,78.7327924679928
2020-05-12 00:00:00,77.85250091552734,79.0136655545949
2020-05-13 00:00:00,76.9124984741211,79.32654865701704
2020-05-14 00:00:00,77.38500213623047,79.4244760546038
2020-05-15 00:00:00,76.92749786376953,79.50443006387665
2020-05-18 00:00:00,78.73999786376953,80.24874063023852
2020-05-19 00:00:00,78.28500366210938,80.54955895463065
2020-05-20 00:00:00,79.80750274658203,80.87678398300787
2020-05-21 00:00:00,79.2125015258789,80.97886503734658
2020-05-22 00:00:00,79.72250366210938,81.0570355172376
2020-05-26 00:00:00,79.18250274658203,82.06494186349977
2020-05-27 00:00:00,79.52749633789062,82.37651525233944
2020-05-28 00:00:00,79.5625,82.45729562587277
2020-05-29 00:00:00,79.48500061035156,82.51309171851882
2020-06-01 00:00:00,80.4625015258789,83.17845633519153
2020-06-02 00:00:00,80.83499908447266,83.45061453603006
2020-06-03 00:00:00,81.27999877929688,83.75003585261751
2020-06-04 00:00:00,80.58000183105469,83.81746108750963
2020-06-05 00:00:00,82.875,83.8624296727365
2020-06-08 00:00:00,83.36499786376953,84.52200739646892
2020-06-09 00:00:00,85.99749755859375,84.79917544014532
2020-06-10 00:00:00,88.20999908447266,85.10691390641358
2020-06-11 00:00:00,83.9749984741211,85.18154755335036
2020-06-12 00:00:00,84.69999694824219,85.2357355496139
2020-06-15 00:00:00,85.74749755859375,85.94312499736608
2020-06-16 00:00:00,88.0199966430664,86.24013391419074
2020-06-17 00:00:00,87.89749908447266,86.56929073153694
2020-06-18 00:00:00,87.93250274658203,86.66213990912641
2020-06-19 00:00:00,87.43000030517578,86.73476243240266
2020-06-22 00:00:00,89.71749877929688,87.50973217829485
2020-06-23 00:00:00,91.63249969482422,87.83123156390734
2020-06-24 00:00:00,90.01499938964844,88.1859935531123
2020-06-25 00:00:00,91.20999908447266,88.3006160375174
2020-06-26 00:00:00,88.40750122070312,88.3952893914737
2020-06-29 00:00:00,90.44499969482422,89.25311607000229
2020-06-30 00:00:00,91.19999694824219,89.60618551476755
2020-07-01 00:00:00,91.02749633789062,89.99486985406921
2020-07-02 00:00:00,91.02749633789062,90.14025411631245
2020-07-06 00:00:00,93.4625015258789,91.2452659351254
2020-07-07 00:00:00,93.17250061035156,91.64392298998855
2020-07-08 00:00:00,95.34249877929688,92.08088446023116
2020-07-09 00:00:00,95.75250244140625,92.27051801485905
2020-07-10 00:00:00,95.91999816894531,92.4424041025218
2020-07-13 00:00:00,95.47750091552734,93.57567201753137
2020-07-14 00:00:00,97.05750274658203,94.02868534723505
2020-07-15 00:00:00,97.7249984741211,94.52085845139597
2020-07-16 00:00:00,96.52249908447266,94.75852580178137
2020-07-17 00:00:00,96.32749938964844,94.97684445254161
2020-07-20 00:00:00,98.35749816894531,96.25690614227649
2020-07-21 00:00:00,97.0,96.75695001112791
2020-07-22 00:00:00,97.27249908447266,97.29488797561005
2020-07-23 00:00:00,92.84500122070312,97.56818631551893
2020-07-24 00:00:00,92.61499786376953,97.81867646272937
2020-07-27 00:00:00,94.80999755859375,99.19634708431676
2020-07-28 00:00:00,93.25250244140625,99.72526649246122
2020-07-29 00:00:00,95.04000091552734,100.29032810415376
2020-07-30 00:00:00,96.19000244140625,100.57969967559413
2020-07-31 00:00:00,106.26000213623047,100.84268035940111
2020-08-03 00:00:00,108.9375,102.26026556388214
2020-08-04 00:00:00,109.66500091552734,102.79895075984439
2020-08-05 00:00:00,110.0625,103.37190865399855
2020-08-06 00:00:00,113.90249633789062,103.65759972077669
2020-08-07 00:00:00,111.11250305175781,103.91283390109226
2020-08-10 00:00:00,112.72750091552734,105.30375993534678
2020-08-11 00:00:00,109.375,105.82676448118285
2020-08-12 00:00:00,113.01000213623047,106.37992140850642
2020-08-13 00:00:00,115.01000213623047,106.63195224646086
2020-08-14 00:00:00,114.90750122070312,106.84682656997397
2020-08-17 00:00:00,114.60749816894531,108.09424463666207
2020-08-18 00:00:00,115.5625,108.55619029527287
2020-08-19 00:00:00,115.7074966430664,109.04108697302613
2020-08-20 00:00:00,118.2750015258789,109.20940406192109
2020-08-21 00:00:00,124.37000274658203,109.33201483352234
2020-08-24 00:00:00,125.85749816894531,110.27112303157692
2020-08-25 00:00:00,124.82499694824219,110.6170968043172
2020-08-26 00:00:00,126.52249908447266,110.98030464378576
2020-08-27 00:00:00,125.01000213623047,111.01635116740594
2020-08-28 00:00:00,124.80750274658203,111.00243460464911
2020-08-31 00:00:00,129.0399932861328,111.5297269589634
2020-09-01 00:00:00,134.17999267578125,111.73929664943508
2020-09-02 00:00:00,131.39999389648438,111.9688246848159
2020-09-03 00:00:00,120.87999725341797,111.87268338017543
2020-09-04 00:00:00,120.95999908447266,111.73249571619404
2020-09-08 00:00:00,112.81999969482422,112.05639248135824
2020-09-09 00:00:00,117.31999969482422,112.21019717436576
2020-09-10 00:00:00,113.48999786376953,112.0506193236318
2020-09-11 00:00:00,112.0,111.86070152795344
2020-09-14 00:00:00,115.36000061035156,111.99903086799475
2020-09-15 00:00:00,115.54000091552734,112.1277522541955
2020-09-16 00:00:00,112.12999725341797,112.30204402542486
2020-09-17 00:00:00,110.33999633789062,112.17557489504897
2020-09-18 00:00:00,106.83999633789062,112.03066186908717
2020-09-21 00:00:00,110.08000183105469,112.36669966165324
2020-09-22 00:00:00,111.80999755859375,112.57816282866946
2020-09-23 00:00:00,107.12000274658203,112.84150308493034
2020-09-24 00:00:00,108.22000122070312,112.80710356532451
2020-09-25 00:00:00,112.27999877929688,112.75687899785885
2020-09-28 00:00:00,114.95999908447266,113.3858307804552
2020-09-29 00:00:00,114.08999633789062,113.69296000969379
2020-09-30 00:00:00,115.80999755859375,114.0492065273273
2020-10-01 00:00:00,116.79000091552734,114.1000368970536
2020-10-02 00:00:00,113.0199966430664,114.12926756878808
2020-10-05 00:00:00,116.5,114.96768362387378
2020-10-06 00:00:00,113.16000366210938,115.33201364586117
2020-10-07 00:00:00,115.08000183105469,115.7389249087256
2020-10-08 00:00:00,114.97000122070312,115.82855501147195
2020-10-09 00:00:00,116.97000122070312,115.88895446880021
2020-10-12 00:00:00,124.4000015258789,116.79201823328883
2020-10-13 00:00:00,121.0999984741211,117.16705575827704
2020-10-14 00:00:00,121.19000244140625,117.57996083558336
2020-10-15 00:00:00,120.70999908447266,117.66558380988168
2020-10-16 00:00:00,119.0199966430664,117.71700465270231
2020-10-19 00:00:00,115.9800033569336,118.58094936678027
2020-10-20 00:00:00,117.51000213623047,118.93708119484239
2020-10-21 00:00:00,116.87000274658203,119.32839294674268
2020-10-22 00:00:00,115.75,119.3844240022629
2020-10-23 00:00:00,115.04000091552734,119.40271616947375
2020-10-26 00:00:00,115.05000305175781,120.15782070347947
2020-10-27 00:00:00,116.5999984741211,120.47145903917799
2020-10-28 00:00:00,111.19999694824219,120.81683523586193
2020-10-29 00:00:00,115.31999969482422,120.81883661858858
2020-10-30 00:00:00,108.86000061035156,120.77881225792318
2020-11-02 00:00:00,108.7699966430664,121.34320781982458
2020-11-03 00:00:00,110.44000244140625,121.58625544712586
2020-11-04 00:00:00,114.94999694824219,121.85794855903318
2020-11-05 00:00:00,119.02999877929688,121.78061451310325
2020-11-06 00:00:00,118.69000244140625,121.65910925386396
2020-11-09 00:00:00,116.31999969482422,121.98009606714265
2020-11-10 00:00:00,115.97000122070312,122.14402650070882
2020-11-11 00:00:00,119.48999786376953,122.33936524878365
2020-11-12 00:00:00,119.20999908447266,122.18831636947192
2020-11-13 00:00:00,119.26000213623047,121.99839151463003
2020-11-16 00:00:00,120.30000305175781,122.15920144144081
2020-11-17 00:00:00,119.38999938964844,122.28761655116027
2020-11-18 00:00:00,118.02999877929688,122.45785713045142
2020-11-19 00:00:00,118.63999938964844,122.2924920706995
2020-11-20 00:00:00,117.33999633789062,122.09983564357574
2020-11-23 00:00:00,113.8499984741211,122.32415939021884
2020-11-24 00:00:00,115.16999816894531,122.49699553979933
2020-11-25 00:00:00,116.02999877929688,122.72249994117936
2020-11-27 00:00:00,116.58999633789062,122.50145656031965
2020-11-30 00:00:00,119.05000305175781,122.98451292441649
2020-12-01 00:00:00,122.72000122070312,123.25167214713319
2020-12-02 00:00:00,123.08000183105469,123.57278820713184
2020-12-03 00:00:00,122.94000244140625,123.56395939408529
2020-12-04 00:00:00,122.25,123.5328318480621
2020-12-07 00:00:00,123.75,124.25408472135042
2020-12-08 00:00:00,124.37999725341797,124.5847854730068
2020-12-09 00:00:00,121.77999877929688,124.95935602489575
2020-12-10 00:00:00,123.23999786376953,124.98844784854224
2020-12-11 00:00:00,122.41000366210938,124.98228008806021
2020-12-14 00:00:00,121.77999877929688,125.70866633356259
2020-12-15 00:00:00,127.87999725341797,126.01590080430644
2020-12-16 00:00:00,127.80999755859375,126.35513606226647
2020-12-17 00:00:00,128.6999969482422,126.33364786354075
2020-12-18 00:00:00,126.66000366210938,126.26645249753176
2020-12-21 00:00:00,128.22999572753906,126.7705389957832
2020-12-22 00:00:00,131.8800048828125,126.99392467735935
2020-12-23 00:00:00,130.9600067138672,127.24727583746242
2020-12-24 00:00:00,131.97000122070312,127.13710958852782
2020-12-28 00:00:00,136.69000244140625,127.25478868587027
2020-12-29 00:00:00,134.8699951171875,127.41388409006035
2020-12-30 00:00:00,133.72000122070312,127.61118560384674
2020-12-31 00:00:00,132.69000244140625,127.45292058946862
2021-01-04 00:00:00,129.41000366210938,127.47468999060501
2021-01-05 00:00:00,131.00999450683594,127.63269236443442
2021-01-06 00:00:00,126.5999984741211,127.83681177473629
2021-01-07 00:00:00,130.9199981689453,127.69161203255118
2021-01-08 00:00:00,132.0500030517578,127.51731386081858
2021-01-11 00:00:00,128.97999572753906,127.81194436307332
2021-01-12 00:00:00,128.8000030517578,127.99987760118819
2021-01-13 00:00:00,130.88999938964844,128.23351978310302
2021-01-14 00:00:00,128.91000366210938,128.11498345784582
2021-01-15 00:00:00,127.13999938964844,127.96435960511278
2021-01-19 00:00:00,127.83000183105469,128.50269076946466
2021-01-20 00:00:00,132.02999877929688,128.7379378401405
2021-01-21 00:00:00,136.8699951171875,128.61441496942436
2021-01-22 00:00:00,139.07000732421875,128.45381206341838
2021-01-25 00:00:00,142.9199981689453,128.74702962588407
2021-01-26 00:00:00,143.16000366210938,128.9198681638607
2021-01-27 00:00:00,142.05999755859375,129.13224950670119
2021-01-28 00:00:00,137.08999633789062,128.98462404206944
2021-01-29 00:00:00,131.9600067138672,128.80068974226685
2021-02-01 00:00:00,134.13999938964844,129.03915162276445
2021-02-02 00:00:00,134.99000549316406,129.20034858243702
2021-02-03 00:00:00,133.94000244140625,129.40500578072562
2021-02-04 00:00:00,137.38999938964844,129.25280356358292
2021-02-05 00:00:00,136.75999450683594,129.06795101274412
2021-02-08 00:00:00,136.91000366210938,129.32228518883963
2021-02-09 00:00:00,136.00999450683594,129.49170577477153
2021-02-10 00:00:00,135.38999938964844,129.7041074837822
2021-02-11 00:00:00,135.1300048828125,129.55680822250332
2021-02-12 00:00:00,135.3699951171875,129.37322613944394
2021-02-16 00:00:00,133.19000244140625,129.73766053199716
2021-02-17 00:00:00,130.83999633789062,129.91110900254003
2021-02-18 00:00:00,129.7100067138672,129.71210483805194
2021-02-19 00:00:00,129.8699951171875,129.46393001968383
2021-02-22 00:00:00,126.0,129.41192291832093
2021-02-23 00:00:00,125.86000061035156,129.43485695972632
2021-02-24 00:00:00,125.3499984741211,129.47728023077923
2021-02-25 00:00:00,120.98999786376953,129.13785010268455
2021-02-26 00:00:00,121.26000213623047,128.7410502430282
2021-03-01 00:00:00,127.79000091552734,128.20963875662312
2021-03-02 00:00:00,125.12000274658203,128.07123115448306
2021-03-03 00:00:00,122.05999755859375,127.95649963706855
2021-03-04 00:00:00,120.12999725341797,127.47246431107807
2021-03-05 00:00:00,121.41999816894531,126.94360469039525
2021-03-08 00:00:00,116.36000061035156,126.10706894340277
2021-03-09 00:00:00,121.08999633789062,125.90908149120477
2021-03-10 00:00:00,119.9800033569336,125.75987217961031
2021-03-11 00:00:00,121.95999908447266,125.27521649289856
2021-03-12 00:00:00,121.02999877929688,124.77546125676874
2021-03-15 00:00:00,123.98999786376953,124.19434100694085
2021-03-16 00:00:00,125.56999969482422,124.14063719141289
2021-03-17 00:00:00,124.76000213623047,124.16409566738962
2021-03-18 00:00:00,120.52999877929688,123.88344002994464
2021-03-19 00:00:00,119.98999786376953,123.6122001462995
2021-03-22 00:00:00,123.38999938964844,123.83067831916141
2021-03-23 00:00:00,122.54000091552734,124.0736740858449
2021-03-24 00:00:00,120.08999633789062,124.40339944445576
2021-03-25 00:00:00,120.58999633789062,124.43330984538684
2021-03-26 00:00:00,121.20999908447266,124.47252460802868
2021-03-29 00:00:00,121.38999938964844,125.59333893505544
2021-03-30 00:00:00,119.9000015258789,126.114737691928
2021-03-31 00:00:00,122.1500015258789,126.70611808932364
2021-04-01 00:00:00,123.0,126.97005592150205
2021-04-05 00:00:00,125.9000015258789,128.81470013031836
2021-04-06 00:00:00,126.20999908447266,129.43671877681103
2021-04-07 00:00:00,127.9000015258789,130.09864609248572
2021-04-08 00:00:00,130.36000061035156,130.392541558287
2021-04-09 00:00:00,133.0,130.638868750192
2021-04-12 00:00:00,131.24000549316406,132.08508423875378
2021-04-13 00:00:00,134.42999267578125,132.6106210433254
2021-04-14 00:00:00,132.02999877929688,133.15759997955084
2021-04-15 00:00:00,134.5,133.31226380155076
2021-04-16 00:00:00,134.16000366210938,133.40684967936795
2021-04-19 00:00:00,134.94000244140625,134.38021917273207
2021-04-20 00:00:00,nan,134.75016749448181
2021-04-21 00:00:00,nan,135.14829749712501
2021-04-22 00:00:00,nan,135.15820112898194
2021-04-23 00:00:00,nan,135.1203862623611
2021-04-24 00:00:00,nan,131.36550761940967
2021-04-25 00:00:00,nan,131.5432171992776
2021-04-26 00:00:00,nan,135.80402080755894
2021-04-27 00:00:00,nan,136.11539516562098
2021-04-28 00:00:00,nan,136.47525693300733
2021-04-29 00:00:00,nan,136.4632560161036
